chargeback_id,transaction_id,reason,amount,opened_at,resolved_at
CB000001,TXN00000332,FRAUD,814.46,2025-03-03 15:33:30.470704080,2025-04-26 15:33:30.470704080
CB000002,TXN00000977,FRAUD,60314.16,2025-02-11 20:11:43.583145055,2025-04-11 20:11:43.583145055
CB000003,TXN00001117,AUTHORISATION,7.99,2025-02-09 03:13:59.082888911,2025-02-21 03:13:59.082888911
CB000004,TXN00002643,FRAUD,45.39,2025-03-12 02:20:39.190734098,
CB000005,TXN00003137,FRAUD,3707.56,2025-03-17 00:15:48.900703780,
CB000006,TXN00003397,FRAUD,218.04,2025-03-05 11:23:26.618648360,2025-03-25 11:23:26.618648360
CB000007,TXN00003776,FRAUD,1320.63,2025-01-31 04:31:59.297880876,2025-03-20 04:31:59.297880876
CB000008,TXN00004655,FRAUD,223.14,2025-02-19 19:08:42.689573349,2025-04-09 19:08:42.689573349
CB000009,TXN00004939,FRAUD,3979.08,2025-03-21 08:35:05.308129859,2025-04-13 08:35:05.308129859
CB000010,TXN00005050,DUPLICATE,178.47,2025-02-23 14:21:30.508034438,2025-04-05 14:21:30.508034438
CB000011,TXN00005239,FRAUD,25.76,2025-02-10 22:10:23.711993878,
CB000012,TXN00005796,FRAUD,25.27,2025-02-28 00:47:52.795039952,
CB000013,TXN00006067,FRAUD,460.84,2025-02-06 14:23:02.388722930,2025-03-02 14:23:02.388722930
CB000014,TXN00006173,FRAUD,119.33,2025-01-29 19:47:15.313052096,2025-03-28 19:47:15.313052096
CB000015,TXN00006370,FRAUD,17227.06,2025-03-27 04:03:34.431803291,2025-05-06 04:03:34.431803291
CB000016,TXN00006453,FRAUD,1516.44,2025-03-22 07:49:15.789878702,2025-04-28 07:49:15.789878702
CB000017,TXN00006722,FRAUD,3230.31,2025-03-27 19:37:35.675693437,2025-04-09 19:37:35.675693437
CB000018,TXN00007079,PRODUCT_NOT_RECEIVED,92.23,2025-02-01 11:41:13.449550157,2025-02-14 11:41:13.449550157
CB000019,TXN00007198,SUBSCRIPTION_CANCELLED,1007.19,2025-03-01 16:32:06.088512256,
CB000020,TXN00007447,SUBSCRIPTION_CANCELLED,3007.12,2025-02-03 04:22:04.457526440,2025-03-02 04:22:04.457526440
CB000021,TXN00007571,FRAUD,17.51,2025-02-05 09:09:10.499120603,2025-03-20 09:09:10.499120603
CB000022,TXN00007680,FRAUD,5124.04,2025-02-09 14:34:21.212452349,
CB000023,TXN00007749,SUBSCRIPTION_CANCELLED,2122.03,2025-03-19 17:32:52.314807661,2025-04-05 17:32:52.314807661
CB000024,TXN00007858,PRODUCT_NOT_RECEIVED,57.03,2025-01-30 21:52:17.043700880,
CB000025,TXN00008016,SUBSCRIPTION_CANCELLED,39.25,2025-01-31 04:36:11.310593054,2025-03-01 04:36:11.310593054
CB000026,TXN00008043,SUBSCRIPTION_CANCELLED,194.81,2025-02-16 05:56:39.852955407,2025-03-24 05:56:39.852955407
CB000027,TXN00008084,DUPLICATE,21.94,2025-03-11 07:45:59.313960174,2025-04-08 07:45:59.313960174
CB000028,TXN00008190,PRODUCT_NOT_RECEIVED,2129.11,2025-03-03 12:53:13.916773559,2025-04-02 12:53:13.916773559
CB000029,TXN00009537,AUTHORISATION,1712.75,2025-03-14 03:52:36.486307026,2025-05-08 03:52:36.486307026
CB000030,TXN00009926,PRODUCT_NOT_RECEIVED,1103.67,2025-03-16 19:55:27.336371535,2025-05-11 19:55:27.336371535
CB000031,TXN00010465,FRAUD,1175.25,2025-02-05 18:35:13.568255127,2025-02-16 18:35:13.568255127
CB000032,TXN00010535,FRAUD,124.97,2025-03-28 21:41:07.846984495,2025-04-08 21:41:07.846984495
CB000033,TXN00010552,DUPLICATE,99.51,2025-03-12 22:23:38.441495176,2025-04-30 22:23:38.441495176
CB000034,TXN00010581,FRAUD,8947.68,2025-02-17 23:40:26.374061288,2025-04-11 23:40:26.374061288
CB000035,TXN00010993,FRAUD,1450.89,2025-02-09 16:54:25.647842792,2025-03-04 16:54:25.647842792
CB000036,TXN00012052,SUBSCRIPTION_CANCELLED,10.2,2025-02-22 17:18:31.417645640,2025-03-08 17:18:31.417645640
CB000037,TXN00012066,PRODUCT_NOT_RECEIVED,4449.19,2025-03-03 17:56:42.328540647,2025-04-17 17:56:42.328540647
CB000038,TXN00012637,AUTHORISATION,2512.13,2025-02-18 18:56:42.327078865,2025-03-12 18:56:42.327078865
CB000039,TXN00013110,FRAUD,177.25,2025-04-02 16:47:51.200467383,2025-05-17 16:47:51.200467383
CB000040,TXN00013385,DUPLICATE,2677.99,2025-02-28 06:00:46.167520510,2025-04-17 06:00:46.167520510
CB000041,TXN00013744,SUBSCRIPTION_CANCELLED,2296.21,2025-03-31 22:42:16.054313023,
CB000042,TXN00014181,PRODUCT_NOT_RECEIVED,44.74,2025-03-14 18:48:54.409965605,
CB000043,TXN00014201,FRAUD,172.16,2025-02-26 19:41:57.662251992,
CB000044,TXN00014663,FRAUD,3106.41,2025-02-27 14:37:04.151483306,2025-04-20 14:37:04.151483306
CB000045,TXN00014731,FRAUD,5836.97,2025-02-12 18:22:40.583114997,2025-03-30 18:22:40.583114997
CB000046,TXN00014932,FRAUD,6798.25,2025-02-16 03:28:42.828964372,2025-03-16 03:28:42.828964372
CB000047,TXN00015121,FRAUD,9537.66,2025-02-25 12:04:11.115502963,2025-04-02 12:04:11.115502963
CB000048,TXN00015140,PRODUCT_NOT_RECEIVED,34.62,2025-02-27 12:56:50.787925926,2025-04-02 12:56:50.787925926
CB000049,TXN00015846,AUTHORISATION,117.84,2025-03-19 22:13:55.732378746,2025-03-29 22:13:55.732378746
CB000050,TXN00016022,FRAUD,9.68,2025-02-20 06:16:35.769621538,
CB000051,TXN00016635,FRAUD,6827.87,2025-04-02 08:58:42.345755057,2025-05-30 08:58:42.345755057
CB000052,TXN00016797,FRAUD,968.3,2025-03-07 14:11:44.055357570,2025-03-21 14:11:44.055357570
CB000053,TXN00017203,FRAUD,1509.36,2025-03-24 06:23:59.637231499,2025-05-20 06:23:59.637231499
CB000054,TXN00017862,FRAUD,112.52,2025-02-20 07:59:17.182747928,2025-03-02 07:59:17.182747928
CB000055,TXN00018439,PRODUCT_NOT_RECEIVED,10771.65,2025-02-22 06:29:43.397498470,2025-03-17 06:29:43.397498470
CB000056,TXN00018704,DUPLICATE,1107.53,2025-03-02 16:50:37.554983583,2025-04-21 16:50:37.554983583
CB000057,TXN00018740,FRAUD,111.53,2025-03-23 18:18:07.235911051,2025-04-17 18:18:07.235911051
CB000058,TXN00019598,PRODUCT_NOT_RECEIVED,152.48,2025-02-23 03:02:38.894300719,2025-03-21 03:02:38.894300719
CB000059,TXN00019725,DUPLICATE,3484.43,2025-03-12 07:25:23.060512819,2025-04-09 07:25:23.060512819
CB000060,TXN00020029,DUPLICATE,4103.85,2025-03-24 19:06:29.009946462,2025-05-13 19:06:29.009946462
CB000061,TXN00020103,DUPLICATE,2749.04,2025-03-27 21:56:16.044736965,2025-04-12 21:56:16.044736965
CB000062,TXN00020425,FRAUD,4706.91,2025-04-18 10:44:08.359179698,2025-06-16 10:44:08.359179698
CB000063,TXN00021055,DUPLICATE,3526.16,2025-03-27 11:33:24.514432705,
CB000064,TXN00021317,DUPLICATE,2323.74,2025-03-11 21:30:50.647024817,2025-04-02 21:30:50.647024817
CB000065,TXN00021433,FRAUD,3562.92,2025-04-18 01:29:41.064985662,2025-05-20 01:29:41.064985662
CB000066,TXN00021485,FRAUD,7.53,2025-03-30 03:37:59.189475972,2025-05-13 03:37:59.189475972
CB000067,TXN00021831,FRAUD,21.94,2025-04-06 17:32:35.390537184,
CB000068,TXN00022022,FRAUD,704.83,2025-03-03 01:14:03.120039558,2025-04-23 01:14:03.120039558
CB000069,TXN00022034,FRAUD,1407.05,2025-03-26 01:48:55.600003556,
CB000070,TXN00022118,AUTHORISATION,31.34,2025-03-17 05:36:39.319360016,
CB000071,TXN00022456,FRAUD,14962.6,2025-04-03 18:55:08.902070866,2025-05-14 18:55:08.902070866
CB000072,TXN00023082,PRODUCT_NOT_RECEIVED,2564.16,2025-02-26 20:00:20.440433960,2025-03-10 20:00:20.440433960
CB000073,TXN00023197,PRODUCT_NOT_RECEIVED,1994.46,2025-04-25 00:54:39.014860673,2025-06-22 00:54:39.014860673
CB000074,TXN00023252,FRAUD,3053.32,2025-04-06 02:50:36.609085915,2025-04-28 02:50:36.609085915
CB000075,TXN00023425,AUTHORISATION,28.57,2025-03-22 09:49:51.169085437,2025-04-11 09:49:51.169085437
CB000076,TXN00023430,FRAUD,1816.12,2025-03-19 09:53:18.638669938,2025-04-14 09:53:18.638669938
CB000077,TXN00023706,FRAUD,125.9,2025-03-04 20:54:38.066944907,2025-03-21 20:54:38.066944907
CB000078,TXN00024522,DUPLICATE,127.83,2025-04-11 07:13:02.402554144,2025-04-28 07:13:02.402554144
CB000079,TXN00024714,FRAUD,164.74,2025-04-19 14:03:03.195610385,2025-05-15 14:03:03.195610385
CB000080,TXN00024871,DUPLICATE,172.7,2025-03-10 19:40:40.942798151,2025-04-30 19:40:40.942798151
CB000081,TXN00024883,FRAUD,3693.95,2025-03-12 20:11:54.940280376,2025-03-23 20:11:54.940280376
CB000082,TXN00025759,AUTHORISATION,2678.52,2025-03-13 05:25:28.195454398,2025-04-02 05:25:28.195454398
CB000083,TXN00025800,DUPLICATE,1368.07,2025-03-23 07:28:53.109346500,2025-04-20 07:28:53.109346500
CB000084,TXN00026020,SUBSCRIPTION_CANCELLED,2040.36,2025-04-29 15:33:43.072041176,
CB000085,TXN00026614,SUBSCRIPTION_CANCELLED,56.21,2025-03-04 15:43:01.870885268,
CB000086,TXN00026893,FRAUD,2394.72,2025-04-19 02:09:16.578993064,2025-05-11 02:09:16.578993064
CB000087,TXN00027310,AUTHORISATION,3720.89,2025-04-15 19:00:59.184151952,2025-06-01 19:00:59.184151952
CB000088,TXN00027331,PRODUCT_NOT_RECEIVED,116.87,2025-04-15 19:51:24.662044116,2025-05-22 19:51:24.662044116
CB000089,TXN00027886,SUBSCRIPTION_CANCELLED,14.62,2025-03-15 18:15:50.089461178,2025-05-12 18:15:50.089461178
CB000090,TXN00027923,PRODUCT_NOT_RECEIVED,10779.14,2025-04-15 19:33:11.110754938,2025-06-03 19:33:11.110754938
CB000091,TXN00027986,AUTHORISATION,31.09,2025-04-18 21:54:44.039136064,
CB000092,TXN00028279,FRAUD,5076.09,2025-04-25 08:58:27.445024802,
CB000093,TXN00028314,FRAUD,162.19,2025-03-29 10:31:01.806825954,2025-04-29 10:31:01.806825954
CB000094,TXN00029089,FRAUD,3077.7,2025-03-27 17:15:59.957524920,
CB000095,TXN00029284,FRAUD,70.45,2025-03-27 00:53:42.066232467,2025-05-05 00:53:42.066232467
CB000096,TXN00030630,DUPLICATE,45.7,2025-05-06 04:22:54.950173092,2025-05-17 04:22:54.950173092
CB000097,TXN00030665,PRODUCT_NOT_RECEIVED,39.75,2025-04-07 05:29:24.548471255,
CB000098,TXN00030955,FRAUD,6767.06,2025-03-24 15:50:24.681465930,2025-04-04 15:50:24.681465930
CB000099,TXN00031103,PRODUCT_NOT_RECEIVED,386.51,2025-03-16 21:48:59.556720602,2025-04-05 21:48:59.556720602
CB000100,TXN00031527,DUPLICATE,6614.43,2025-04-15 15:05:48.002388211,2025-06-05 15:05:48.002388211
CB000101,TXN00031761,FRAUD,2567.08,2025-03-21 23:43:07.639009225,2025-03-31 23:43:07.639009225
CB000102,TXN00032251,DUPLICATE,220.14,2025-03-14 18:40:08.565714534,2025-04-29 18:40:08.565714534
CB000103,TXN00032537,AUTHORISATION,48.64,2025-05-10 06:28:34.662195974,
CB000104,TXN00032853,SUBSCRIPTION_CANCELLED,263.53,2025-05-10 19:02:53.088654688,2025-06-04 19:02:53.088654688
CB000105,TXN00033139,FRAUD,40.0,2025-03-18 05:43:21.714180098,2025-04-27 05:43:21.714180098
CB000106,TXN00033157,FRAUD,1824.93,2025-04-02 06:17:32.440293313,2025-04-23 06:17:32.440293313
CB000107,TXN00033170,FRAUD,253.1,2025-04-20 06:39:47.897582192,2025-06-02 06:39:47.897582192
CB000108,TXN00033672,FRAUD,6.42,2025-05-02 02:25:21.171610617,2025-06-25 02:25:21.171610617
CB000109,TXN00035575,FRAUD,15.93,2025-03-24 09:31:41.604958528,2025-05-14 09:31:41.604958528
CB000110,TXN00036250,FRAUD,5510.92,2025-03-28 13:06:45.823839410,
CB000111,TXN00036309,SUBSCRIPTION_CANCELLED,21.78,2025-04-09 15:47:24.911572279,2025-05-14 15:47:24.911572279
CB000112,TXN00037924,PRODUCT_NOT_RECEIVED,13379.62,2025-04-12 10:21:07.595558653,
CB000113,TXN00037955,PRODUCT_NOT_RECEIVED,131.99,2025-05-09 11:57:38.182048369,2025-05-27 11:57:38.182048369
CB000114,TXN00038446,FRAUD,47880.45,2025-04-16 10:03:56.541990315,
CB000115,TXN00038779,DUPLICATE,4528.06,2025-05-03 00:01:35.696121826,2025-06-27 00:01:35.696121826
CB000116,TXN00039269,FRAUD,2879.04,2025-05-16 20:44:48.141762350,2025-07-01 20:44:48.141762350
CB000117,TXN00039283,SUBSCRIPTION_CANCELLED,372.7,2025-05-22 21:13:30.925363787,
CB000118,TXN00040020,FRAUD,2245.56,2025-05-09 03:43:48.275931801,2025-06-16 03:43:48.275931801
CB000119,TXN00040192,FRAUD,88.83,2025-04-22 12:11:41.857578004,2025-06-15 12:11:41.857578004
CB000120,TXN00040709,FRAUD,36.98,2025-04-29 10:25:30.142494768,
CB000121,TXN00041098,FRAUD,876.93,2025-05-10 02:16:12.592701127,2025-06-04 02:16:12.592701127
CB000122,TXN00041441,FRAUD,1403.16,2025-05-07 15:11:09.552967034,2025-06-01 15:11:09.552967034
CB000123,TXN00041472,PRODUCT_NOT_RECEIVED,2363.85,2025-04-30 16:59:08.836603522,
CB000124,TXN00041660,PRODUCT_NOT_RECEIVED,1379.89,2025-04-29 00:39:53.337367014,2025-06-27 00:39:53.337367014
CB000125,TXN00041664,PRODUCT_NOT_RECEIVED,1727.49,2025-05-14 00:51:29.908324189,2025-07-07 00:51:29.908324189
CB000126,TXN00041819,PRODUCT_NOT_RECEIVED,50.78,2025-05-10 06:47:23.810103977,2025-07-04 06:47:23.810103977
CB000127,TXN00042583,FRAUD,57.8,2025-04-16 12:55:02.054536249,2025-06-03 12:55:02.054536249
CB000128,TXN00042661,FRAUD,68.68,2025-05-08 15:44:17.815613380,2025-06-08 15:44:17.815613380
CB000129,TXN00043230,PRODUCT_NOT_RECEIVED,127.35,2025-04-25 14:56:25.149643295,2025-06-09 14:56:25.149643295
CB000130,TXN00043675,FRAUD,38.48,2025-04-12 08:33:09.392758772,
CB000131,TXN00044265,FRAUD,172.94,2025-05-15 09:38:22.036155288,2025-06-09 09:38:22.036155288
CB000132,TXN00045006,FRAUD,1761.44,2025-06-01 16:47:22.019917072,2025-07-09 16:47:22.019917072
CB000133,TXN00045388,FRAUD,221.83,2025-05-14 08:58:17.655578960,
CB000134,TXN00046155,SUBSCRIPTION_CANCELLED,3054.19,2025-04-26 15:25:56.825606806,
CB000135,TXN00047418,SUBSCRIPTION_CANCELLED,29.78,2025-04-18 21:07:30.823079672,2025-05-30 21:07:30.823079672
CB000136,TXN00048177,PRODUCT_NOT_RECEIVED,2672.12,2025-05-13 03:16:04.069913189,2025-06-24 03:16:04.069913189
CB000137,TXN00048813,FRAUD,93.43,2025-05-25 05:06:33.247492725,
CB000138,TXN00049189,FRAUD,773.75,2025-04-21 19:35:36.171448463,2025-06-07 19:35:36.171448463
CB000139,TXN00050194,FRAUD,3101.69,2025-05-12 12:32:35.093941123,2025-06-07 12:32:35.093941123
CB000140,TXN00050232,DUPLICATE,88.65,2025-05-25 13:51:35.757521335,2025-07-04 13:51:35.757521335
CB000141,TXN00051083,FRAUD,2305.73,2025-05-19 01:17:58.652855902,2025-06-11 01:17:58.652855902
CB000142,TXN00051100,FRAUD,37.88,2025-05-06 02:04:23.251195834,2025-06-02 02:04:23.251195834
CB000143,TXN00051321,FRAUD,4781.77,2025-04-21 10:39:19.958670831,2025-06-09 10:39:19.958670831
CB000144,TXN00051393,FRAUD,4437.65,2025-05-27 13:23:26.251389332,2025-06-10 13:23:26.251389332
CB000145,TXN00051800,FRAUD,4562.99,2025-06-12 03:55:36.231280221,
CB000146,TXN00052797,PRODUCT_NOT_RECEIVED,6199.57,2025-05-21 18:25:58.271933232,2025-06-18 18:25:58.271933232
CB000147,TXN00054124,PRODUCT_NOT_RECEIVED,2004.52,2025-05-19 21:07:53.866878083,
CB000148,TXN00054262,FRAUD,16351.55,2025-05-13 02:37:08.417139288,2025-06-18 02:37:08.417139288
CB000149,TXN00054594,SUBSCRIPTION_CANCELLED,4198.74,2025-06-07 14:14:34.016179366,2025-07-25 14:14:34.016179366
CB000150,TXN00054604,AUTHORISATION,106.0,2025-04-21 14:26:36.444893196,2025-05-09 14:26:36.444893196
CB000151,TXN00054666,FRAUD,1864.31,2025-06-12 16:24:21.991162452,2025-07-31 16:24:21.991162452
CB000152,TXN00055097,FRAUD,3949.07,2025-06-10 08:37:39.927917061,2025-07-15 08:37:39.927917061
CB000153,TXN00055496,FRAUD,2901.34,2025-05-25 00:48:44.642983581,2025-07-03 00:48:44.642983581
CB000154,TXN00055708,FRAUD,1807.39,2025-06-07 08:41:19.675051803,2025-07-30 08:41:19.675051803
CB000155,TXN00055714,PRODUCT_NOT_RECEIVED,56.29,2025-05-08 08:54:57.089747779,2025-05-23 08:54:57.089747779
CB000156,TXN00056098,FRAUD,695.62,2025-05-15 23:47:57.088449905,2025-06-10 23:47:57.088449905
CB000157,TXN00056127,DUPLICATE,258.0,2025-06-16 01:09:30.090435205,
CB000158,TXN00056147,FRAUD,9.62,2025-05-02 01:45:12.610620730,2025-06-05 01:45:12.610620730
CB000159,TXN00057118,FRAUD,1929.44,2025-05-03 13:20:35.144546442,2025-06-10 13:20:35.144546442
CB000160,TXN00057376,FRAUD,1359.35,2025-04-30 22:16:51.472894376,2025-06-06 22:16:51.472894376
CB000161,TXN00057449,DUPLICATE,1931.02,2025-06-22 00:51:19.057634637,
CB000162,TXN00059469,FRAUD,1636.82,2025-05-28 06:23:16.337748532,2025-06-13 06:23:16.337748532
CB000163,TXN00059727,FRAUD,2028.13,2025-05-27 17:04:11.790082565,
CB000164,TXN00060346,SUBSCRIPTION_CANCELLED,35.23,2025-06-09 17:38:22.535768783,
CB000165,TXN00060500,FRAUD,2161.67,2025-04-29 23:07:35.635986794,
CB000166,TXN00062455,FRAUD,96.03,2025-05-30 02:17:12.031581724,
CB000167,TXN00062542,FRAUD,32.77,2025-06-27 05:48:50.374016632,2025-08-17 05:48:50.374016632
CB000168,TXN00062746,FRAUD,1167.3,2025-05-19 13:08:54.437594411,2025-07-03 13:08:54.437594411
CB000169,TXN00063188,PRODUCT_NOT_RECEIVED,183.07,2025-05-14 06:52:58.856557929,2025-06-20 06:52:58.856557929
CB000170,TXN00063350,PRODUCT_NOT_RECEIVED,71.13,2025-06-12 12:31:32.216880787,2025-07-24 12:31:32.216880787
CB000171,TXN00063475,FRAUD,440.88,2025-06-27 17:24:51.291746118,2025-07-13 17:24:51.291746118
CB000172,TXN00063606,FRAUD,254.59,2025-05-11 21:46:36.118205991,2025-06-28 21:46:36.118205991
CB000173,TXN00063854,FRAUD,2449.43,2025-05-27 08:08:18.146847135,2025-06-28 08:08:18.146847135
CB000174,TXN00064092,SUBSCRIPTION_CANCELLED,3452.53,2025-07-02 17:41:34.829949642,2025-07-28 17:41:34.829949642
CB000175,TXN00064332,FRAUD,56.32,2025-06-02 02:46:38.408633203,2025-07-04 02:46:38.408633203
CB000176,TXN00064681,FRAUD,29.87,2025-06-28 15:12:18.587210025,2025-08-13 15:12:18.587210025
CB000177,TXN00065540,FRAUD,84.42,2025-05-26 00:20:49.649239887,2025-06-24 00:20:49.649239887
CB000178,TXN00065816,PRODUCT_NOT_RECEIVED,2570.1,2025-06-28 11:44:36.236189983,2025-08-22 11:44:36.236189983
CB000179,TXN00066213,SUBSCRIPTION_CANCELLED,153.91,2025-05-20 03:31:13.097452646,2025-06-01 03:31:13.097452646
CB000180,TXN00066261,PRODUCT_NOT_RECEIVED,2996.36,2025-05-24 05:43:51.241949745,2025-06-07 05:43:51.241949745
CB000181,TXN00066690,FRAUD,962.45,2025-07-04 22:21:25.406174200,2025-08-05 22:21:25.406174200
CB000182,TXN00066827,FRAUD,2667.52,2025-06-28 03:26:15.140522976,2025-07-17 03:26:15.140522976
CB000183,TXN00067318,FRAUD,8126.69,2025-07-02 20:43:43.365639249,2025-08-21 20:43:43.365639249
CB000184,TXN00067610,FRAUD,3.35,2025-06-13 07:35:08.378552690,2025-07-30 07:35:08.378552690
CB000185,TXN00067934,AUTHORISATION,10225.28,2025-07-05 19:57:00.263946954,2025-08-31 19:57:00.263946954
CB000186,TXN00068010,FRAUD,4469.65,2025-07-01 22:57:23.411037680,2025-08-18 22:57:23.411037680
CB000187,TXN00068103,DUPLICATE,10.85,2025-05-18 02:33:48.756117155,
CB000188,TXN00068182,FRAUD,6381.12,2025-05-30 05:53:21.951503974,2025-07-12 05:53:21.951503974
CB000189,TXN00068335,PRODUCT_NOT_RECEIVED,56.34,2025-06-02 11:56:15.505699235,2025-07-04 11:56:15.505699235
CB000190,TXN00068739,FRAUD,2138.85,2025-07-04 02:14:56.618724669,2025-08-04 02:14:56.618724669
CB000191,TXN00068867,SUBSCRIPTION_CANCELLED,3678.86,2025-07-04 06:55:07.319157095,2025-08-06 06:55:07.319157095
CB000192,TXN00069158,PRODUCT_NOT_RECEIVED,3049.78,2025-07-05 17:28:24.845744119,2025-07-16 17:28:24.845744119
CB000193,TXN00069224,DUPLICATE,59.07,2025-06-19 20:10:37.975518212,2025-06-30 20:10:37.975518212
CB000194,TXN00069718,FRAUD,2424.93,2025-05-20 13:36:30.191522871,2025-06-10 13:36:30.191522871
CB000195,TXN00070362,SUBSCRIPTION_CANCELLED,47.74,2025-07-01 14:41:40.452361787,
CB000196,TXN00070466,PRODUCT_NOT_RECEIVED,7.75,2025-05-29 18:23:46.424266186,2025-07-24 18:23:46.424266186
CB000197,TXN00070635,AUTHORISATION,66.01,2025-06-12 00:00:00.334808534,2025-07-29 00:00:00.334808534
CB000198,TXN00071544,FRAUD,1622.25,2025-05-23 08:52:42.638488664,2025-06-26 08:52:42.638488664
CB000199,TXN00071916,PRODUCT_NOT_RECEIVED,13175.74,2025-06-06 23:24:02.339532762,2025-07-04 23:24:02.339532762
CB000200,TXN00071982,AUTHORISATION,7226.37,2025-07-07 01:32:35.039346086,2025-08-08 01:32:35.039346086
CB000201,TXN00072866,FRAUD,60.41,2025-06-26 10:32:16.934630221,2025-08-09 10:32:16.934630221
CB000202,TXN00073676,FRAUD,5834.62,2025-07-16 15:54:48.673864789,2025-08-14 15:54:48.673864789
CB000203,TXN00073714,SUBSCRIPTION_CANCELLED,81.18,2025-06-23 17:48:22.198883721,2025-07-22 17:48:22.198883721
CB000204,TXN00074348,PRODUCT_NOT_RECEIVED,3920.47,2025-06-30 18:21:03.096383316,2025-08-07 18:21:03.096383316
CB000205,TXN00074933,FRAUD,25.21,2025-06-07 16:15:45.734984544,2025-07-31 16:15:45.734984544
CB000206,TXN00075992,FRAUD,17.54,2025-07-16 07:44:18.770786651,
CB000207,TXN00076344,DUPLICATE,97.25,2025-07-10 21:03:00.744408589,2025-08-11 21:03:00.744408589
CB000208,TXN00076446,AUTHORISATION,135.73,2025-05-30 01:25:49.985232251,2025-07-24 01:25:49.985232251
CB000209,TXN00076990,DUPLICATE,1576.41,2025-05-26 21:50:51.703965970,2025-06-29 21:50:51.703965970
CB000210,TXN00077136,PRODUCT_NOT_RECEIVED,4.4,2025-07-07 03:10:14.876404573,2025-07-30 03:10:14.876404573
CB000211,TXN00077203,PRODUCT_NOT_RECEIVED,2054.04,2025-07-11 05:34:56.402369949,
CB000212,TXN00078237,FRAUD,2124.21,2025-07-12 22:50:08.391376541,2025-09-07 22:50:08.391376541
CB000213,TXN00078581,PRODUCT_NOT_RECEIVED,4.34,2025-07-10 11:11:21.854587911,2025-08-07 11:11:21.854587911
CB000214,TXN00078828,FRAUD,2245.82,2025-07-10 20:56:04.367129608,2025-08-05 20:56:04.367129608
CB000215,TXN00079242,PRODUCT_NOT_RECEIVED,44.53,2025-06-20 12:21:01.927932250,
CB000216,TXN00079309,FRAUD,12.41,2025-07-26 15:08:41.297386433,
CB000217,TXN00079611,SUBSCRIPTION_CANCELLED,246.06,2025-07-26 00:52:57.254003005,2025-09-11 00:52:57.254003005
CB000218,TXN00080387,FRAUD,12.74,2025-07-29 06:45:40.848723416,2025-08-11 06:45:40.848723416
CB000219,TXN00080638,FRAUD,42.15,2025-06-30 15:40:45.310280951,2025-08-02 15:40:45.310280951
CB000220,TXN00080791,FRAUD,175.9,2025-06-24 21:14:49.468850979,2025-07-24 21:14:49.468850979
CB000221,TXN00081816,DUPLICATE,388.46,2025-07-02 13:05:18.677338606,
CB000222,TXN00081852,SUBSCRIPTION_CANCELLED,6810.69,2025-07-29 14:15:15.502874273,2025-09-06 14:15:15.502874273
CB000223,TXN00082177,PRODUCT_NOT_RECEIVED,1875.91,2025-07-05 02:27:05.188083286,2025-08-16 02:27:05.188083286
CB000224,TXN00082683,FRAUD,66.72,2025-07-20 21:11:37.630131798,2025-08-06 21:11:37.630131798
CB000225,TXN00082699,PRODUCT_NOT_RECEIVED,17.81,2025-06-29 21:54:10.244344552,2025-07-31 21:54:10.244344552
CB000226,TXN00082884,DUPLICATE,5368.9,2025-07-10 04:48:58.410709807,2025-08-15 04:48:58.410709807
CB000227,TXN00084426,PRODUCT_NOT_RECEIVED,4176.19,2025-06-16 14:30:05.564043104,
CB000228,TXN00084559,FRAUD,56.23,2025-06-09 19:56:37.687530628,
CB000229,TXN00084791,PRODUCT_NOT_RECEIVED,3213.76,2025-08-03 04:06:38.303915685,
CB000230,TXN00085329,FRAUD,3516.17,2025-07-29 00:44:43.870568052,2025-09-12 00:44:43.870568052
CB000231,TXN00085997,FRAUD,2912.98,2025-07-05 01:29:51.091091929,2025-07-28 01:29:51.091091929
CB000232,TXN00086107,PRODUCT_NOT_RECEIVED,229.19,2025-07-21 04:56:04.397149843,2025-08-22 04:56:04.397149843
CB000233,TXN00086539,FRAUD,123.18,2025-07-18 21:00:16.623224603,2025-08-08 21:00:16.623224603
CB000234,TXN00086607,FRAUD,13.78,2025-07-14 23:32:10.943839310,2025-08-21 23:32:10.943839310
CB000235,TXN00087016,PRODUCT_NOT_RECEIVED,186.39,2025-06-21 13:25:48.879526929,2025-07-04 13:25:48.879526929
CB000236,TXN00087425,FRAUD,3420.39,2025-06-29 04:59:12.886254355,2025-08-15 04:59:12.886254355
CB000237,TXN00088025,FRAUD,13756.59,2025-06-20 03:51:19.723811530,2025-08-02 03:51:19.723811530
CB000238,TXN00088955,SUBSCRIPTION_CANCELLED,141.47,2025-08-05 13:43:13.148665399,
CB000239,TXN00089927,FRAUD,4657.95,2025-08-05 01:33:07.392823986,2025-10-03 01:33:07.392823986
CB000240,TXN00091016,FRAUD,1539.45,2025-07-31 16:43:04.361873705,2025-09-10 16:43:04.361873705
CB000241,TXN00091215,AUTHORISATION,4754.07,2025-07-22 23:33:30.906932076,2025-08-06 23:33:30.906932076
CB000242,TXN00091266,FRAUD,712.14,2025-07-02 01:22:07.419089302,2025-07-17 01:22:07.419089302
CB000243,TXN00091345,SUBSCRIPTION_CANCELLED,1084.83,2025-08-05 04:34:49.254042021,2025-08-27 04:34:49.254042021
CB000244,TXN00092083,PRODUCT_NOT_RECEIVED,14.4,2025-07-22 06:45:16.605320436,2025-08-24 06:45:16.605320436
CB000245,TXN00092104,FRAUD,10.13,2025-08-09 07:19:15.620859361,
CB000246,TXN00092296,PRODUCT_NOT_RECEIVED,90.44,2025-08-08 13:39:51.617098615,2025-08-23 13:39:51.617098615
CB000247,TXN00092327,FRAUD,1061.43,2025-07-28 14:35:59.748057266,2025-09-23 14:35:59.748057266
CB000248,TXN00092603,FRAUD,2265.75,2025-08-16 00:14:26.032120321,
CB000249,TXN00092724,FRAUD,89.24,2025-08-15 04:04:52.953096230,
CB000250,TXN00093207,PRODUCT_NOT_RECEIVED,3792.23,2025-07-16 20:28:22.350348081,2025-09-05 20:28:22.350348081
CB000251,TXN00093362,SUBSCRIPTION_CANCELLED,812.93,2025-07-08 01:02:26.440876721,
CB000252,TXN00094051,FRAUD,39.1,2025-07-29 00:14:50.734057199,2025-08-28 00:14:50.734057199
CB000253,TXN00094474,FRAUD,17.98,2025-07-14 15:49:47.645316035,2025-09-09 15:49:47.645316035
CB000254,TXN00095095,PRODUCT_NOT_RECEIVED,113.85,2025-07-08 12:39:02.126107881,2025-08-06 12:39:02.126107881
CB000255,TXN00095398,DUPLICATE,83.45,2025-08-01 23:11:42.658781434,2025-09-12 23:11:42.658781434
CB000256,TXN00095710,FRAUD,1818.81,2025-08-10 10:03:05.594223234,2025-09-28 10:03:05.594223234
CB000257,TXN00096051,FRAUD,123.09,2025-07-06 22:48:20.556195764,2025-08-07 22:48:20.556195764
CB000258,TXN00096106,DUPLICATE,1190.25,2025-07-17 00:41:24.222905204,2025-09-03 00:41:24.222905204
CB000259,TXN00096422,FRAUD,11.24,2025-08-11 10:47:11.753807415,
CB000260,TXN00096540,DUPLICATE,9567.92,2025-06-28 14:46:45.015585237,2025-07-27 14:46:45.015585237
CB000261,TXN00097273,SUBSCRIPTION_CANCELLED,108.68,2025-08-04 15:36:33.614108409,2025-08-28 15:36:33.614108409
CB000262,TXN00098234,FRAUD,18.23,2025-06-30 01:07:29.448935949,
CB000263,TXN00098584,FRAUD,2653.76,2025-08-12 13:11:19.836771290,2025-09-20 13:11:19.836771290
CB000264,TXN00098874,FRAUD,16.67,2025-08-21 23:26:08.676500760,
CB000265,TXN00098938,FRAUD,21.78,2025-08-23 01:20:49.797004205,2025-09-27 01:20:49.797004205
CB000266,TXN00099128,FRAUD,117.68,2025-08-04 07:34:52.556387749,2025-09-18 07:34:52.556387749
CB000267,TXN00099375,FRAUD,163.91,2025-07-11 16:26:27.746848717,2025-08-29 16:26:27.746848717
CB000268,TXN00099429,FRAUD,1781.24,2025-07-03 18:25:22.933702234,2025-08-09 18:25:22.933702234
CB000269,TXN00101220,PRODUCT_NOT_RECEIVED,4028.19,2025-07-01 08:50:45.786080473,
CB000270,TXN00101425,FRAUD,16.49,2025-08-03 16:03:35.197940652,
CB000271,TXN00101513,AUTHORISATION,1508.77,2025-07-05 19:03:01.987820824,2025-08-29 19:03:01.987820824
CB000272,TXN00102018,FRAUD,35.45,2025-07-07 12:13:42.142931698,2025-07-29 12:13:42.142931698
CB000273,TXN00102040,AUTHORISATION,1906.48,2025-07-30 12:46:29.114001822,2025-09-26 12:46:29.114001822
CB000274,TXN00102140,PRODUCT_NOT_RECEIVED,445.66,2025-08-02 16:11:49.590093197,2025-08-21 16:11:49.590093197
CB000275,TXN00103460,FRAUD,133.2,2025-08-27 14:09:02.476151068,2025-09-08 14:09:02.476151068
CB000276,TXN00105035,PRODUCT_NOT_RECEIVED,3557.45,2025-07-23 21:50:08.091875562,2025-09-09 21:50:08.091875562
CB000277,TXN00105152,FRAUD,34.26,2025-08-05 01:52:25.360273217,2025-09-15 01:52:25.360273217
CB000278,TXN00105597,FRAUD,23.93,2025-07-13 18:22:16.352207554,
CB000279,TXN00105673,SUBSCRIPTION_CANCELLED,180.61,2025-08-19 20:29:31.737075062,
CB000280,TXN00106198,AUTHORISATION,104.42,2025-07-09 14:55:35.592029680,2025-08-01 14:55:35.592029680
CB000281,TXN00106271,PRODUCT_NOT_RECEIVED,20.3,2025-08-01 17:27:25.870158085,2025-08-18 17:27:25.870158085
CB000282,TXN00106561,FRAUD,33.9,2025-08-03 03:17:17.725633891,2025-09-29 03:17:17.725633891
CB000283,TXN00106582,FRAUD,2927.12,2025-07-13 03:54:05.307091281,2025-07-31 03:54:05.307091281
CB000284,TXN00106585,FRAUD,36.8,2025-07-15 03:58:28.392381850,2025-08-04 03:58:28.392381850
CB000285,TXN00106826,PRODUCT_NOT_RECEIVED,2502.1,2025-08-02 12:31:47.801282213,
CB000286,TXN00106837,PRODUCT_NOT_RECEIVED,1306.82,2025-07-30 12:49:03.508325008,
CB000287,TXN00106933,FRAUD,9.49,2025-08-03 15:38:19.610979096,2025-10-01 15:38:19.610979096
CB000288,TXN00107244,PRODUCT_NOT_RECEIVED,6075.42,2025-09-06 02:17:06.027706157,2025-10-30 02:17:06.027706157
CB000289,TXN00107384,DUPLICATE,2245.48,2025-07-31 06:45:08.806401861,2025-08-30 06:45:08.806401861
CB000290,TXN00107428,FRAUD,7798.81,2025-08-20 08:12:35.686955566,2025-09-20 08:12:35.686955566
CB000291,TXN00107864,DUPLICATE,172.46,2025-09-04 23:15:29.500623082,2025-10-16 23:15:29.500623082
CB000292,TXN00107968,FRAUD,16.46,2025-08-12 02:00:03.158976033,2025-09-11 02:00:03.158976033
CB000293,TXN00108214,SUBSCRIPTION_CANCELLED,776.82,2025-08-16 11:01:50.703660725,2025-09-12 11:01:50.703660725
CB000294,TXN00108234,FRAUD,106.64,2025-08-15 11:36:13.435096577,2025-08-27 11:36:13.435096577
CB000295,TXN00108268,FRAUD,4726.94,2025-08-13 12:48:54.294783310,2025-08-26 12:48:54.294783310
CB000296,TXN00108778,FRAUD,22.07,2025-08-17 07:11:08.132679793,2025-10-02 07:11:08.132679793
CB000297,TXN00108964,FRAUD,30.3,2025-08-17 14:19:13.730276253,
CB000298,TXN00109571,FRAUD,1926.22,2025-07-17 10:40:46.551805704,2025-08-09 10:40:46.551805704
CB000299,TXN00109896,PRODUCT_NOT_RECEIVED,1443.86,2025-08-26 21:39:15.257461767,2025-10-23 21:39:15.257461767
CB000300,TXN00110039,SUBSCRIPTION_CANCELLED,8894.7,2025-08-16 02:27:55.716789440,2025-10-07 02:27:55.716789440
CB000301,TXN00110520,FRAUD,929.49,2025-08-22 18:49:21.244885176,2025-10-07 18:49:21.244885176
CB000302,TXN00111139,FRAUD,52.98,2025-09-11 15:52:22.673975210,
CB000303,TXN00111520,PRODUCT_NOT_RECEIVED,2459.25,2025-08-23 03:27:11.036303372,
CB000304,TXN00111706,SUBSCRIPTION_CANCELLED,5806.09,2025-07-21 10:35:05.124243635,2025-08-28 10:35:05.124243635
CB000305,TXN00111752,DUPLICATE,2435.11,2025-09-01 12:00:40.837973658,
CB000306,TXN00112719,AUTHORISATION,2153.07,2025-09-11 22:15:27.576233403,2025-10-29 22:15:27.576233403
CB000307,TXN00113184,FRAUD,1126.82,2025-08-12 14:16:59.607671032,2025-08-31 14:16:59.607671032
CB000308,TXN00113604,PRODUCT_NOT_RECEIVED,21.96,2025-08-11 05:01:26.805955106,
CB000309,TXN00114005,FRAUD,65.1,2025-07-25 19:14:24.342177781,
CB000310,TXN00114202,PRODUCT_NOT_RECEIVED,43.55,2025-08-15 01:20:53.567265041,2025-10-06 01:20:53.567265041
CB000311,TXN00114234,FRAUD,27.24,2025-08-13 02:21:56.785665644,
CB000312,TXN00115050,FRAUD,1861.87,2025-09-09 07:04:56.136053648,2025-11-06 07:04:56.136053648
CB000313,TXN00115380,SUBSCRIPTION_CANCELLED,9291.9,2025-09-12 19:17:16.145542560,2025-11-02 19:17:16.145542560
CB000314,TXN00115511,PRODUCT_NOT_RECEIVED,11.9,2025-08-22 23:17:22.415727380,2025-09-02 23:17:22.415727380
CB000315,TXN00115541,FRAUD,53.5,2025-09-05 00:18:59.762549322,2025-09-27 00:18:59.762549322
CB000316,TXN00115863,FRAUD,48.89,2025-08-30 10:45:30.013215055,2025-10-28 10:45:30.013215055
CB000317,TXN00116026,FRAUD,1908.73,2025-09-18 16:30:36.808048088,2025-11-10 16:30:36.808048088
CB000318,TXN00116045,SUBSCRIPTION_CANCELLED,5976.54,2025-08-21 16:54:29.303865541,
CB000319,TXN00116560,PRODUCT_NOT_RECEIVED,29.02,2025-09-07 10:15:18.841478020,2025-10-19 10:15:18.841478020
CB000320,TXN00116594,FRAUD,9.83,2025-08-03 11:11:08.932784114,2025-09-01 11:11:08.932784114
CB000321,TXN00116770,FRAUD,34.57,2025-08-12 17:45:01.471415053,
CB000322,TXN00116823,PRODUCT_NOT_RECEIVED,3572.34,2025-08-26 19:50:07.564522372,
CB000323,TXN00116826,FRAUD,41.55,2025-08-01 20:00:22.798712251,2025-08-18 20:00:22.798712251
CB000324,TXN00116989,FRAUD,12.14,2025-09-13 00:54:40.537409673,
CB000325,TXN00117121,FRAUD,129.77,2025-09-13 05:25:04.119557349,2025-10-15 05:25:04.119557349
CB000326,TXN00117944,DUPLICATE,1055.77,2025-09-16 11:18:30.026679184,2025-11-09 11:18:30.026679184
CB000327,TXN00118281,FRAUD,1804.79,2025-08-25 22:06:54.016793766,
CB000328,TXN00119945,FRAUD,8.34,2025-08-29 07:11:31.370907926,
CB000329,TXN00120919,SUBSCRIPTION_CANCELLED,77.51,2025-07-30 15:28:52.079731265,2025-08-12 15:28:52.079731265
CB000330,TXN00121352,DUPLICATE,1637.22,2025-08-15 06:20:26.807509321,2025-09-17 06:20:26.807509321
CB000331,TXN00121441,SUBSCRIPTION_CANCELLED,33.69,2025-08-07 09:25:44.139032599,2025-08-28 09:25:44.139032599
CB000332,TXN00122410,FRAUD,14057.31,2025-08-05 17:05:58.746501711,2025-09-16 17:05:58.746501711
CB000333,TXN00122484,FRAUD,46.71,2025-08-19 19:15:53.668764577,2025-09-24 19:15:53.668764577
CB000334,TXN00122485,PRODUCT_NOT_RECEIVED,68.53,2025-09-27 19:19:12.746274142,2025-10-08 19:19:12.746274142
CB000335,TXN00122526,FRAUD,5285.46,2025-08-17 20:44:25.216012941,2025-09-19 20:44:25.216012941
CB000336,TXN00122531,FRAUD,21.43,2025-08-06 20:50:13.799179722,
CB000337,TXN00122825,DUPLICATE,85.47,2025-09-27 07:20:21.584764358,2025-10-07 07:20:21.584764358
CB000338,TXN00123001,DUPLICATE,6793.71,2025-09-15 12:55:08.372936047,
CB000339,TXN00123501,PRODUCT_NOT_RECEIVED,4870.07,2025-09-07 05:41:49.521869875,2025-10-22 05:41:49.521869875
CB000340,TXN00123984,PRODUCT_NOT_RECEIVED,178.82,2025-08-21 21:22:14.908963966,
CB000341,TXN00124568,PRODUCT_NOT_RECEIVED,101.31,2025-09-15 17:01:54.183757775,2025-10-16 17:01:54.183757775
CB000342,TXN00124714,FRAUD,3136.93,2025-09-20 22:39:01.389500279,2025-11-14 22:39:01.389500279
CB000343,TXN00124823,FRAUD,24.89,2025-08-24 02:33:07.342668921,2025-10-13 02:33:07.342668921
CB000344,TXN00125218,FRAUD,41.32,2025-09-10 15:27:59.582192122,2025-10-13 15:27:59.582192122
CB000345,TXN00125369,FRAUD,7.69,2025-09-20 20:14:22.840616944,2025-10-16 20:14:22.840616944
CB000346,TXN00125795,FRAUD,64.04,2025-08-22 10:23:55.107640679,2025-09-06 10:23:55.107640679
CB000347,TXN00126006,PRODUCT_NOT_RECEIVED,36.07,2025-09-07 17:58:10.390263183,2025-11-03 17:58:10.390263183
CB000348,TXN00126041,AUTHORISATION,3609.51,2025-08-17 19:06:16.628260308,2025-09-16 19:06:16.628260308
CB000349,TXN00126608,FRAUD,11751.15,2025-08-29 13:59:04.417713966,2025-09-20 13:59:04.417713966
CB000350,TXN00127352,FRAUD,105.14,2025-08-30 14:17:02.449810054,2025-09-21 14:17:02.449810054
CB000351,TXN00127654,DUPLICATE,33.88,2025-10-02 00:42:19.392347736,
CB000352,TXN00128486,FRAUD,14227.78,2025-09-19 04:30:29.742993335,2025-10-22 04:30:29.742993335
CB000353,TXN00129506,DUPLICATE,578.48,2025-09-11 17:04:17.702695382,2025-10-28 17:04:17.702695382
CB000354,TXN00129600,FRAUD,9.57,2025-08-23 20:30:40.174813610,2025-09-10 20:30:40.174813610
CB000355,TXN00130018,AUTHORISATION,4928.63,2025-09-19 09:38:05.494806793,2025-11-01 09:38:05.494806793
CB000356,TXN00130121,FRAUD,111.59,2025-10-04 12:49:46.842688282,2025-10-19 12:49:46.842688282
CB000357,TXN00130196,AUTHORISATION,950.95,2025-10-03 15:16:19.085413098,2025-11-11 15:16:19.085413098
CB000358,TXN00130283,SUBSCRIPTION_CANCELLED,134.43,2025-10-04 17:54:12.141192095,2025-11-24 17:54:12.141192095
CB000359,TXN00130411,AUTHORISATION,156.33,2025-09-06 22:29:04.580654104,
CB000360,TXN00130643,SUBSCRIPTION_CANCELLED,47.04,2025-09-18 06:29:47.657454619,
CB000361,TXN00131800,SUBSCRIPTION_CANCELLED,3277.09,2025-08-31 20:10:09.536376152,
CB000362,TXN00132343,FRAUD,1317.37,2025-10-07 14:15:31.271053470,2025-10-22 14:15:31.271053470
CB000363,TXN00132435,PRODUCT_NOT_RECEIVED,4583.77,2025-08-29 17:52:44.880174518,2025-09-19 17:52:44.880174518
CB000364,TXN00133060,FRAUD,3475.95,2025-08-31 15:40:10.805251013,
CB000365,TXN00133231,FRAUD,580.36,2025-10-05 21:10:57.598214644,2025-11-12 21:10:57.598214644
CB000366,TXN00133296,PRODUCT_NOT_RECEIVED,45.64,2025-09-25 23:03:50.767809704,
CB000367,TXN00133864,SUBSCRIPTION_CANCELLED,1363.28,2025-09-26 18:27:50.843255717,2025-11-06 18:27:50.843255717
CB000368,TXN00134299,PRODUCT_NOT_RECEIVED,354.9,2025-09-05 08:21:33.929487487,2025-09-19 08:21:33.929487487
CB000369,TXN00134546,FRAUD,3994.2,2025-09-24 15:50:59.438797421,2025-10-16 15:50:59.438797421
CB000370,TXN00135278,FRAUD,50.17,2025-10-10 16:01:32.073452940,2025-11-04 16:01:32.073452940
CB000371,TXN00135346,SUBSCRIPTION_CANCELLED,397.71,2025-09-22 18:23:44.626511625,2025-11-10 18:23:44.626511625
CB000372,TXN00135961,FRAUD,14.67,2025-08-26 13:27:18.207440124,
CB000373,TXN00136326,SUBSCRIPTION_CANCELLED,269.77,2025-08-23 01:27:11.878847140,2025-10-04 01:27:11.878847140
CB000374,TXN00137511,PRODUCT_NOT_RECEIVED,176.53,2025-09-04 15:43:20.188659450,2025-10-24 15:43:20.188659450
CB000375,TXN00137659,SUBSCRIPTION_CANCELLED,29.5,2025-10-02 20:34:46.321867921,2025-11-18 20:34:46.321867921
CB000376,TXN00138108,DUPLICATE,75.81,2025-08-28 11:56:21.077862061,2025-09-29 11:56:21.077862061
CB000377,TXN00139244,PRODUCT_NOT_RECEIVED,58.19,2025-09-05 23:04:21.567047599,2025-09-15 23:04:21.567047599
CB000378,TXN00139849,SUBSCRIPTION_CANCELLED,7.66,2025-10-12 18:39:35.607515902,2025-10-25 18:39:35.607515902
CB000379,TXN00141439,AUTHORISATION,25169.72,2025-09-15 21:45:58.919002696,2025-10-26 21:45:58.919002696
CB000380,TXN00141625,PRODUCT_NOT_RECEIVED,2059.89,2025-10-23 03:41:31.260182782,
CB000381,TXN00141985,FRAUD,241.98,2025-09-30 14:21:19.638251963,
CB000382,TXN00142490,FRAUD,2592.16,2025-09-09 07:32:56.629321701,
CB000383,TXN00142933,AUTHORISATION,4470.76,2025-09-08 21:27:15.097133705,2025-10-06 21:27:15.097133705
CB000384,TXN00144259,FRAUD,5433.28,2025-09-26 17:23:04.194289036,2025-10-20 17:23:04.194289036
CB000385,TXN00144491,DUPLICATE,17.02,2025-10-20 23:48:35.415054977,2025-12-06 23:48:35.415054977
CB000386,TXN00144537,FRAUD,56.24,2025-09-03 01:19:43.872172311,
CB000387,TXN00144574,FRAUD,146.71,2025-10-16 02:09:01.600540002,2025-11-18 02:09:01.600540002
CB000388,TXN00145024,FRAUD,1441.98,2025-10-02 15:53:43.075894906,
CB000389,TXN00145304,FRAUD,1884.0,2025-09-11 01:54:14.544575080,
CB000390,TXN00146332,FRAUD,68.79,2025-09-15 11:15:55.346060450,2025-10-18 11:15:55.346060450
CB000391,TXN00147260,FRAUD,7.56,2025-09-05 16:48:42.485483729,2025-09-22 16:48:42.485483729
CB000392,TXN00147449,PRODUCT_NOT_RECEIVED,3319.43,2025-10-02 23:21:27.825054406,2025-10-25 23:21:27.825054406
CB000393,TXN00148325,FRAUD,120.91,2025-10-17 03:54:17.255820553,2025-11-23 03:54:17.255820553
CB000394,TXN00148819,PRODUCT_NOT_RECEIVED,6220.37,2025-10-10 19:27:34.223689027,2025-10-28 19:27:34.223689027
CB000395,TXN00148908,FRAUD,7.66,2025-09-06 22:15:11.706196464,2025-09-16 22:15:11.706196464
CB000396,TXN00148914,SUBSCRIPTION_CANCELLED,8.38,2025-10-03 22:27:32.289157401,2025-10-23 22:27:32.289157401
CB000397,TXN00148980,SUBSCRIPTION_CANCELLED,3421.27,2025-10-14 00:30:14.611804259,2025-11-22 00:30:14.611804259
CB000398,TXN00150665,PRODUCT_NOT_RECEIVED,1502.09,2025-09-20 08:19:05.812165242,2025-11-03 08:19:05.812165242
CB000399,TXN00150720,SUBSCRIPTION_CANCELLED,6016.45,2025-10-30 10:11:42.550170978,2025-11-19 10:11:42.550170978
CB000400,TXN00151024,SUBSCRIPTION_CANCELLED,85.78,2025-10-18 20:14:04.889174916,
CB000401,TXN00151350,FRAUD,5.21,2025-10-25 06:41:31.606772375,2025-12-12 06:41:31.606772375
CB000402,TXN00151471,FRAUD,1400.31,2025-09-14 10:52:55.634239531,2025-10-06 10:52:55.634239531
CB000403,TXN00151772,FRAUD,15.12,2025-09-30 19:12:23.319827384,2025-10-16 19:12:23.319827384
CB000404,TXN00151983,PRODUCT_NOT_RECEIVED,3169.67,2025-09-24 01:38:41.626057283,2025-10-21 01:38:41.626057283
CB000405,TXN00152166,PRODUCT_NOT_RECEIVED,1995.43,2025-10-29 07:52:55.124844074,
CB000406,TXN00152233,PRODUCT_NOT_RECEIVED,45.33,2025-09-29 10:08:24.727918261,2025-10-29 10:08:24.727918261
CB000407,TXN00152261,FRAUD,94.63,2025-09-11 10:49:30.100996993,2025-11-09 10:49:30.100996993
CB000408,TXN00152584,FRAUD,36.39,2025-10-26 21:21:39.693046944,2025-11-24 21:21:39.693046944
CB000409,TXN00152679,PRODUCT_NOT_RECEIVED,54.15,2025-09-20 00:00:55.026759653,2025-10-24 00:00:55.026759653
CB000410,TXN00152753,AUTHORISATION,130.28,2025-09-23 02:06:24.490041433,2025-10-07 02:06:24.490041433
CB000411,TXN00152838,FRAUD,8.13,2025-11-08 04:51:02.917931381,
CB000412,TXN00153266,SUBSCRIPTION_CANCELLED,3561.54,2025-10-24 19:06:13.100305453,2025-11-09 19:06:13.100305453
CB000413,TXN00154077,PRODUCT_NOT_RECEIVED,66.16,2025-10-24 22:25:28.141291387,2025-12-08 22:25:28.141291387
CB000414,TXN00154379,FRAUD,2137.94,2025-10-04 08:36:21.147930755,2025-12-02 08:36:21.147930755
CB000415,TXN00154706,FRAUD,3002.33,2025-10-08 19:09:43.701396216,
CB000416,TXN00155807,FRAUD,1289.55,2025-10-16 07:18:02.849970444,2025-12-05 07:18:02.849970444
CB000417,TXN00156173,AUTHORISATION,738.29,2025-09-18 18:42:07.441439561,2025-10-06 18:42:07.441439561
CB000418,TXN00156400,FRAUD,2651.01,2025-10-23 02:20:46.010442764,2025-11-07 02:20:46.010442764
CB000419,TXN00157082,PRODUCT_NOT_RECEIVED,1518.01,2025-10-25 21:54:58.712841612,2025-11-11 21:54:58.712841612
CB000420,TXN00157518,PRODUCT_NOT_RECEIVED,8017.65,2025-11-09 12:03:56.493115411,2025-12-24 12:03:56.493115411
CB000421,TXN00157837,PRODUCT_NOT_RECEIVED,6284.77,2025-09-30 20:36:30.564976358,2025-10-10 20:36:30.564976358
CB000422,TXN00158605,FRAUD,9427.46,2025-11-07 19:38:40.017392306,2025-12-08 19:38:40.017392306
CB000423,TXN00158682,AUTHORISATION,1505.74,2025-10-11 22:14:02.719655603,2025-11-25 22:14:02.719655603
CB000424,TXN00158828,PRODUCT_NOT_RECEIVED,879.41,2025-11-08 02:46:49.426207798,2025-11-18 02:46:49.426207798
CB000425,TXN00159266,SUBSCRIPTION_CANCELLED,56.07,2025-11-11 15:54:24.931661929,2025-12-07 15:54:24.931661929
CB000426,TXN00159333,SUBSCRIPTION_CANCELLED,1296.82,2025-10-18 17:53:08.040900494,2025-12-03 17:53:08.040900494
CB000427,TXN00160540,FRAUD,22.48,2025-11-07 07:30:22.026028518,
CB000428,TXN00161224,FRAUD,17.08,2025-11-19 02:49:59.886625026,2026-01-17 02:49:59.886625026
CB000429,TXN00161366,FRAUD,52.87,2025-11-06 06:38:05.335858989,2025-12-06 06:38:05.335858989
CB000430,TXN00161447,FRAUD,335.16,2025-10-28 08:56:36.917795271,2025-11-13 08:56:36.917795271
CB000431,TXN00163056,PRODUCT_NOT_RECEIVED,1817.53,2025-10-18 09:18:04.197675179,2025-10-30 09:18:04.197675179
CB000432,TXN00163089,FRAUD,7656.04,2025-10-18 09:57:43.877058889,2025-10-31 09:57:43.877058889
CB000433,TXN00163161,PRODUCT_NOT_RECEIVED,187.48,2025-10-02 12:13:56.050618850,2025-11-07 12:13:56.050618850
CB000434,TXN00163508,FRAUD,30.56,2025-09-29 22:06:34.289080372,2025-10-15 22:06:34.289080372
CB000435,TXN00163970,FRAUD,214.15,2025-10-03 12:05:03.539035465,
CB000436,TXN00164148,DUPLICATE,14.43,2025-09-28 17:42:52.279924888,2025-10-10 17:42:52.279924888
CB000437,TXN00164182,PRODUCT_NOT_RECEIVED,42.73,2025-10-16 18:35:16.019544377,2025-10-31 18:35:16.019544377
CB000438,TXN00164391,FRAUD,6.91,2025-11-06 01:16:29.771108986,
CB000439,TXN00164722,DUPLICATE,97.42,2025-11-20 11:08:55.313752028,2025-12-06 11:08:55.313752028
CB000440,TXN00165297,PRODUCT_NOT_RECEIVED,34.4,2025-11-22 04:27:02.123683310,2026-01-06 04:27:02.123683310
CB000441,TXN00165516,AUTHORISATION,5028.31,2025-10-19 10:48:04.233826852,
CB000442,TXN00165614,PRODUCT_NOT_RECEIVED,69.38,2025-10-25 13:25:41.259767892,2025-11-06 13:25:41.259767892
CB000443,TXN00166056,FRAUD,1945.15,2025-11-03 02:38:05.303129371,2025-11-21 02:38:05.303129371
CB000444,TXN00166613,FRAUD,11.13,2025-10-22 19:19:09.713155207,
CB000445,TXN00166905,FRAUD,30.3,2025-10-08 03:44:58.333515836,2025-12-02 03:44:58.333515836
CB000446,TXN00167139,SUBSCRIPTION_CANCELLED,22.2,2025-10-02 10:36:49.974306895,
CB000447,TXN00167740,DUPLICATE,4264.92,2025-10-08 05:08:09.105462124,2025-11-24 05:08:09.105462124
CB000448,TXN00168090,FRAUD,16.6,2025-10-26 15:58:28.816893543,2025-11-20 15:58:28.816893543
CB000449,TXN00169252,SUBSCRIPTION_CANCELLED,1989.09,2025-10-06 03:23:52.082013888,2025-10-21 03:23:52.082013888
CB000450,TXN00169853,FRAUD,11.2,2025-10-04 21:54:38.858249097,
CB000451,TXN00169910,FRAUD,232.26,2025-10-23 23:42:49.662237241,2025-11-26 23:42:49.662237241
CB000452,TXN00170592,FRAUD,218.13,2025-10-08 19:39:51.864339430,2025-11-11 19:39:51.864339430
CB000453,TXN00170689,SUBSCRIPTION_CANCELLED,40.38,2025-10-26 22:44:03.630698136,2025-12-01 22:44:03.630698136
CB000454,TXN00170802,FRAUD,4254.6,2025-10-26 02:04:20.446944983,2025-11-18 02:04:20.446944983
CB000455,TXN00172610,FRAUD,25.29,2025-10-22 07:09:18.370546238,2025-11-06 07:09:18.370546238
CB000456,TXN00172718,FRAUD,2370.3,2025-10-22 10:04:13.570801270,2025-12-03 10:04:13.570801270
CB000457,TXN00172801,FRAUD,1121.9,2025-10-16 12:19:17.333552249,2025-12-12 12:19:17.333552249
CB000458,TXN00173118,DUPLICATE,5.47,2025-10-21 21:26:45.417085049,2025-11-25 21:26:45.417085049
CB000459,TXN00173242,FRAUD,6.5,2025-11-07 01:01:56.821185287,2025-12-26 01:01:56.821185287
CB000460,TXN00173413,FRAUD,1957.44,2025-11-08 06:02:59.752295820,2025-12-17 06:02:59.752295820
CB000461,TXN00173601,FRAUD,25.33,2025-11-01 11:20:43.695099867,2025-11-25 11:20:43.695099867
CB000462,TXN00173725,PRODUCT_NOT_RECEIVED,1322.25,2025-11-17 15:04:35.872378011,2025-12-01 15:04:35.872378011
CB000463,TXN00173737,FRAUD,22.88,2025-10-12 15:31:30.736820687,2025-11-17 15:31:30.736820687
CB000464,TXN00173752,FRAUD,64.72,2025-11-03 15:57:37.683951270,2025-12-01 15:57:37.683951270
CB000465,TXN00173798,FRAUD,87.25,2025-11-26 17:28:34.546292180,2026-01-08 17:28:34.546292180
CB000466,TXN00173809,PRODUCT_NOT_RECEIVED,100.55,2025-10-22 17:45:30.711921541,
CB000467,TXN00174335,DUPLICATE,130.52,2025-10-09 08:12:14.733637514,2025-10-27 08:12:14.733637514
CB000468,TXN00174771,DUPLICATE,20.77,2025-10-25 20:23:55.760719157,
CB000469,TXN00175400,FRAUD,53.56,2025-11-21 15:42:00.217769035,2025-12-02 15:42:00.217769035
CB000470,TXN00175715,DUPLICATE,3687.3,2025-12-07 01:39:45.772170523,2026-01-24 01:39:45.772170523
CB000471,TXN00175747,FRAUD,39.05,2025-11-26 02:29:14.962456278,2025-12-16 02:29:14.962456278
CB000472,TXN00175947,FRAUD,33.83,2025-10-15 09:12:23.692791688,2025-11-06 09:12:23.692791688
CB000473,TXN00176410,PRODUCT_NOT_RECEIVED,4044.79,2025-11-13 23:26:12.712356268,
CB000474,TXN00176820,FRAUD,84.23,2025-11-26 11:09:09.279429606,2025-12-21 11:09:09.279429606
CB000475,TXN00177441,DUPLICATE,15.85,2025-10-19 06:24:03.353276836,2025-11-08 06:24:03.353276836
CB000476,TXN00177894,DUPLICATE,29.03,2025-11-23 19:25:27.145853852,2025-12-21 19:25:27.145853852
CB000477,TXN00178066,SUBSCRIPTION_CANCELLED,17100.5,2025-10-27 00:13:20.395358554,
CB000478,TXN00178082,DUPLICATE,155.11,2025-10-26 00:36:27.216075503,
CB000479,TXN00178805,FRAUD,3207.93,2025-11-02 21:43:22.936248208,2025-12-26 21:43:22.936248208
CB000480,TXN00179302,DUPLICATE,139.49,2025-10-18 12:49:53.609389652,
CB000481,TXN00179315,PRODUCT_NOT_RECEIVED,57.09,2025-10-26 13:20:03.019286896,2025-11-27 13:20:03.019286896
CB000482,TXN00179655,FRAUD,1285.98,2025-11-10 22:58:22.904590280,2025-11-23 22:58:22.904590280
CB000483,TXN00180016,DUPLICATE,82.18,2025-10-17 10:27:53.192251544,
CB000484,TXN00180282,FRAUD,12.29,2025-11-01 18:42:04.436561989,2025-11-29 18:42:04.436561989
CB000485,TXN00180909,FRAUD,25668.78,2025-10-29 12:09:23.425058996,2025-12-26 12:09:23.425058996
CB000486,TXN00181348,AUTHORISATION,4014.62,2025-10-17 01:40:59.007584903,2025-12-09 01:40:59.007584903
CB000487,TXN00181483,PRODUCT_NOT_RECEIVED,190.75,2025-12-13 05:43:38.684188344,
CB000488,TXN00181691,AUTHORISATION,1261.24,2025-12-05 12:24:56.672290408,2025-12-26 12:24:56.672290408
CB000489,TXN00181700,FRAUD,1653.87,2025-10-29 12:47:30.421957824,2025-12-02 12:47:30.421957824
CB000490,TXN00182379,SUBSCRIPTION_CANCELLED,9.31,2025-12-16 08:13:22.656238633,2026-01-09 08:13:22.656238633
CB000491,TXN00182448,DUPLICATE,185.88,2025-11-03 10:24:18.648698380,2025-12-10 10:24:18.648698380
CB000492,TXN00182504,PRODUCT_NOT_RECEIVED,44.15,2025-11-11 12:12:44.445263362,2025-11-30 12:12:44.445263362
CB000493,TXN00183442,PRODUCT_NOT_RECEIVED,109.84,2025-11-23 16:02:12.841198909,2025-12-25 16:02:12.841198909
CB000494,TXN00183988,DUPLICATE,35.44,2025-12-11 07:47:24.422510382,
CB000495,TXN00183993,AUTHORISATION,1453.72,2025-11-23 07:53:46.403313628,2026-01-15 07:53:46.403313628
CB000496,TXN00184055,DUPLICATE,21.85,2025-12-02 09:12:43.386617431,2025-12-23 09:12:43.386617431
CB000497,TXN00184773,PRODUCT_NOT_RECEIVED,2426.58,2025-11-19 06:18:20.098124270,2025-11-29 06:18:20.098124270
CB000498,TXN00184964,AUTHORISATION,52.79,2025-11-16 12:47:03.510647049,2025-12-09 12:47:03.510647049
CB000499,TXN00185053,FRAUD,54.46,2025-11-14 14:53:43.159868457,
CB000500,TXN00185058,FRAUD,3758.15,2025-11-18 14:59:17.481462748,2026-01-12 14:59:17.481462748
