transaction_id,event_type,event_time,processing_ms,ingestion_time
TXN00000001,CREATED,2025-01-01 00:07:48.442273848,190,2025-01-01 00:11:06.442273848
TXN00000001,AUTHORIZED,2025-01-01 00:07:48.695607181,190,2025-01-01 00:19:32.695607181
TXN00000001,CAPTURED,2025-01-01 00:07:48.948940514,190,2025-01-01 00:15:48.948940514
TXN00000001,SETTLED,2025-01-03 00:07:49.202273848,190,2025-01-03 00:10:42.202273848
TXN00000002,CREATED,2025-01-01 00:09:50.730722680,35,2025-01-01 00:21:26.730722680
TXN00000002,AUTHORIZED,2025-01-01 00:09:50.777389347,35,2025-01-01 00:24:02.777389347
TXN00000002,CAPTURED,2025-01-01 00:09:50.824056013,35,2025-01-01 00:23:39.824056013
TXN00000002,SETTLED,2025-01-02 00:09:50.870722680,35,2025-01-02 00:17:56.870722680
TXN00000003,CREATED,2025-01-01 00:11:53.942240383,82,2025-01-01 00:20:53.942240383
TXN00000003,AUTHORIZED,2025-01-01 00:11:54.051240383,82,2025-01-01 00:13:15.051240383
TXN00000003,CAPTURED,2025-01-01 00:11:54.160240383,82,2025-01-01 00:23:21.160240383
TXN00000003,SETTLED,2025-01-03 00:11:54.269240383,82,2025-01-03 00:26:08.269240383
TXN00000004,CREATED,2025-01-01 00:11:59.120753018,50,2025-01-01 00:12:23.120753018
TXN00000004,AUTHORIZED,2025-01-01 00:11:59.187753018,50,2025-01-01 00:25:45.187753018
TXN00000004,CAPTURED,2025-01-01 00:11:59.254753018,50,2025-01-01 00:15:17.254753018
TXN00000004,SETTLED,2025-01-03 00:11:59.321753018,50,2025-01-03 00:12:49.321753018
TXN00000005,CREATED,2025-01-01 00:17:46.267523528,142,2025-01-01 00:26:49.267523528
TXN00000005,AUTHORIZED,2025-01-01 00:17:46.456856861,142,2025-01-01 00:26:12.456856861
TXN00000005,CAPTURED,2025-01-01 00:17:46.646190195,142,2025-01-01 00:18:52.646190195
TXN00000005,SETTLED,2025-01-03 00:17:46.835523528,142,2025-01-03 00:22:07.835523528
TXN00000006,CREATED,2025-01-01 00:22:32.701518130,62,2025-01-01 00:34:38.701518130
TXN00000006,AUTHORIZED,2025-01-01 00:22:32.783518130,62,2025-01-01 00:34:58.783518130
TXN00000006,CAPTURED,2025-01-01 00:22:32.865518130,62,2025-01-01 00:32:01.865518130
TXN00000006,SETTLED,2025-01-02 00:22:32.947518130,62,2025-01-02 00:30:56.947518130
TXN00000007,CREATED,2025-01-01 00:22:43.893075205,38,2025-01-01 00:31:18.893075205
TXN00000007,AUTHORIZED,2025-01-01 00:22:43.944075205,38,2025-01-01 00:27:27.944075205
TXN00000007,CAPTURED,2025-01-01 00:22:43.995075205,38,2025-01-01 00:27:02.995075205
TXN00000007,SETTLED,2025-01-03 00:22:44.046075205,38,2025-01-03 00:24:34.046075205
TXN00000008,CREATED,2025-01-01 00:23:31.037404678,91,2025-01-01 00:31:32.037404678
TXN00000008,AUTHORIZED,2025-01-01 00:23:31.159071345,91,2025-01-01 00:25:50.159071345
TXN00000008,CAPTURED,2025-01-01 00:23:31.280738011,91,2025-01-01 00:34:53.280738011
TXN00000008,SETTLED,2025-01-02 00:23:31.402404678,91,2025-01-02 00:31:38.402404678
TXN00000009,CREATED,2025-01-01 00:26:03.419359005,37,2025-01-01 00:35:28.419359005
TXN00000009,AUTHORIZED,2025-01-01 00:26:03.469025672,37,2025-01-01 00:33:29.469025672
TXN00000009,CAPTURED,2025-01-01 00:26:03.518692338,37,2025-01-01 00:40:41.518692338
TXN00000009,SETTLED,2025-01-03 00:26:03.568359005,37,2025-01-09 00:26:03.568359005
TXN00000010,CREATED,2025-01-01 00:27:04.468414694,46,2025-01-01 00:40:19.468414694
TXN00000010,AUTHORIZED,2025-01-01 00:27:04.530081361,46,2025-01-01 00:28:12.530081361
TXN00000010,CAPTURED,2025-01-01 00:27:04.591748027,46,2025-01-01 00:27:40.591748027
TXN00000010,SETTLED,2025-01-02 00:27:04.653414694,46,2025-01-02 00:36:32.653414694
TXN00000011,CREATED,2025-01-01 00:28:01.529600867,200,2025-01-01 00:30:59.529600867
TXN00000011,DECLINED,2025-01-01 00:28:01.930600867,200,2025-01-01 00:33:27.930600867
TXN00000012,CREATED,2025-01-01 00:31:56.976181958,402,2025-01-01 00:42:19.976181958
TXN00000012,AUTHORIZED,2025-01-01 00:31:57.511515290,402,2025-01-01 00:42:01.511515290
TXN00000012,CAPTURED,2025-01-01 00:31:58.046848625,402,2025-01-01 00:46:37.046848625
TXN00000012,SETTLED,2025-01-03 00:31:58.582181958,402,2025-01-03 00:33:34.582181958
TXN00000013,CREATED,2025-01-01 00:32:31.622504146,89,2025-01-01 00:36:38.622504146
TXN00000013,AUTHORIZED,2025-01-01 00:32:31.741504146,89,2025-01-01 00:42:02.741504146
TXN00000013,CAPTURED,2025-01-01 00:32:31.860504146,89,2025-01-01 00:37:50.860504146
TXN00000013,SETTLED,2025-01-02 00:32:31.979504146,89,2025-01-02 00:34:14.979504146
TXN00000014,CREATED,2025-01-01 00:45:21.703629465,32,2025-01-01 00:48:01.703629465
TXN00000014,AUTHORIZED,2025-01-01 00:45:21.746296132,32,2025-01-01 00:56:50.746296132
TXN00000014,CAPTURED,2025-01-01 00:45:21.788962798,32,2025-01-01 00:48:27.788962798
TXN00000014,SETTLED,2025-01-02 00:45:21.831629465,32,2025-01-02 00:54:48.831629465
TXN00000015,CREATED,2025-01-01 00:48:40.883840216,84,2025-01-01 00:56:38.883840216
TXN00000015,AUTHORIZED,2025-01-01 00:48:40.995506883,84,2025-01-01 00:58:16.995506883
TXN00000015,CAPTURED,2025-01-01 00:48:41.107173549,84,2025-01-01 00:59:21.107173549
TXN00000015,SETTLED,2025-01-03 00:48:41.218840216,84,2025-01-03 01:00:02.218840216
TXN00000016,CREATED,2025-01-01 00:49:57.205190171,104,2025-01-01 00:58:39.205190171
TXN00000016,AUTHORIZED,2025-01-01 00:49:57.344523504,104,2025-01-01 01:01:29.344523504
TXN00000016,CAPTURED,2025-01-01 00:49:57.483856838,104,2025-01-01 00:52:53.483856838
TXN00000016,SETTLED,2025-01-02 00:49:57.623190171,104,2025-01-02 00:51:19.623190171
TXN00000017,CREATED,2025-01-01 00:51:23.192466974,92,2025-01-01 01:01:22.192466974
TXN00000017,AUTHORIZED,2025-01-01 00:51:23.315466974,92,2025-01-01 01:06:14.315466974
TXN00000017,CAPTURED,2025-01-01 00:51:23.438466974,92,2025-01-01 01:05:10.438466974
TXN00000017,SETTLED,2025-01-02 00:51:23.561466974,92,2025-01-02 00:58:51.561466974
TXN00000018,CREATED,2025-01-01 00:54:53.989639050,61,2025-01-01 01:04:33.989639050
TXN00000018,AUTHORIZED,2025-01-01 00:54:54.070972383,61,2025-01-01 01:09:01.070972383
TXN00000018,CAPTURED,2025-01-01 00:54:54.152305717,61,2025-01-01 01:05:39.152305717
TXN00000018,SETTLED,2025-01-03 00:54:54.233639050,61,2025-01-03 00:57:35.233639050
TXN00000019,CREATED,2025-01-01 00:56:50.188526336,79,2025-01-01 01:09:31.188526336
TXN00000019,AUTHORIZED,2025-01-01 00:56:50.293526336,79,2025-01-01 00:57:16.293526336
TXN00000019,CAPTURED,2025-01-01 00:56:50.398526336,79,2025-01-01 01:00:20.398526336
TXN00000019,SETTLED,2025-01-03 00:56:50.503526336,79,2025-01-03 01:07:57.503526336
TXN00000020,CREATED,2025-01-01 00:58:39.325127418,84,2025-01-01 01:02:38.325127418
TXN00000020,AUTHORIZED,2025-01-01 00:58:39.437794085,84,2025-01-01 01:11:38.437794085
TXN00000020,CAPTURED,2025-01-01 00:58:39.550460751,84,2025-01-01 01:01:08.550460751
TXN00000020,SETTLED,2025-01-02 00:58:39.663127418,84,2025-01-02 01:04:57.663127418
TXN00000021,CREATED,2025-01-01 01:00:25.629411484,106,2025-01-01 01:04:41.629411484
TXN00000021,DECLINED,2025-01-01 01:00:25.841411484,106,2025-01-01 01:02:45.841411484
TXN00000022,CREATED,2025-01-01 01:01:53.264176691,101,2025-01-01 01:12:13.264176691
TXN00000022,AUTHORIZED,2025-01-01 01:01:53.398510024,101,2025-01-01 01:15:51.398510024
TXN00000022,CAPTURED,2025-01-01 01:01:53.532843358,101,2025-01-01 01:14:35.532843358
TXN00000022,SETTLED,2025-01-03 01:01:53.667176691,101,2025-01-03 01:16:24.667176691
TXN00000023,CREATED,2025-01-01 01:02:33.691714601,85,2025-01-01 01:09:13.691714601
TXN00000023,AUTHORIZED,2025-01-01 01:02:33.805381268,85,2025-01-01 01:12:44.805381268
TXN00000023,CAPTURED,2025-01-01 01:02:33.919047934,85,2025-01-01 01:16:52.919047934
TXN00000023,SETTLED,2025-01-02 01:02:34.032714601,85,2025-01-05 01:02:34.032714601
TXN00000024,CREATED,2025-01-01 01:14:08.139458795,104,2025-01-01 01:23:10.139458795
TXN00000024,AUTHORIZED,2025-01-01 01:14:08.277458795,104,2025-01-01 01:27:19.277458795
TXN00000024,CAPTURED,2025-01-01 01:14:08.415458795,104,2025-01-01 01:20:47.415458795
TXN00000024,SETTLED,2025-01-03 01:14:08.553458795,104,2025-01-03 01:20:37.553458795
TXN00000025,CREATED,2025-01-01 01:18:41.944754257,49,2025-01-01 01:21:50.944754257
TXN00000025,AUTHORIZED,2025-01-01 01:18:42.009754257,49,2025-01-01 01:27:33.009754257
TXN00000025,CAPTURED,2025-01-01 01:18:42.074754257,49,2025-01-01 01:27:25.074754257
TXN00000025,SETTLED,2025-01-03 01:18:42.139754257,49,2025-01-03 01:24:22.139754257
TXN00000026,CREATED,2025-01-01 01:21:55.668239255,118,2025-01-01 01:22:49.668239255
TXN00000026,AUTHORIZED,2025-01-01 01:21:55.844739255,118,2025-01-01 01:28:37.844739255
TXN00000026,FAILED,2025-01-01 01:21:56.021239255,118,2025-01-01 01:36:22.021239255
TXN00000027,CREATED,2025-01-01 01:25:04.722490327,78,2025-01-01 01:25:25.722490327
TXN00000027,AUTHORIZED,2025-01-01 01:25:04.825823660,78,2025-01-01 01:27:03.825823660
TXN00000027,CAPTURED,2025-01-01 01:25:04.929156994,78,2025-01-01 01:34:55.929156994
TXN00000027,SETTLED,2025-01-02 01:25:05.032490327,78,2025-01-02 01:26:53.032490327
TXN00000028,CREATED,2025-01-01 01:27:49.650369086,192,2025-01-01 01:31:37.650369086
TXN00000028,AUTHORIZED,2025-01-01 01:27:49.906035753,192,2025-01-01 01:31:05.906035753
TXN00000028,CAPTURED,2025-01-01 01:27:50.161702418,192,2025-01-01 01:30:44.161702418
TXN00000028,SETTLED,2025-01-03 01:27:50.417369086,192,2025-01-03 01:30:40.417369086
TXN00000029,CREATED,2025-01-01 01:33:48.316006555,348,2025-01-01 01:38:18.316006555
TXN00000029,DECLINED,2025-01-01 01:33:49.012006555,348,2025-01-01 01:34:10.012006555
TXN00000030,CREATED,2025-01-01 01:36:43.360005741,102,2025-01-01 01:37:52.360005741
TXN00000030,AUTHORIZED,2025-01-01 01:36:43.496005741,102,2025-01-01 01:50:01.496005741
TXN00000030,CAPTURED,2025-01-01 01:36:43.632005741,102,2025-01-01 01:38:19.632005741
TXN00000030,SETTLED,2025-01-03 01:36:43.768005741,102,2025-01-03 01:49:28.768005741
TXN00000031,CREATED,2025-01-01 01:39:36.822312414,58,2025-01-01 01:54:26.822312414
TXN00000031,AUTHORIZED,2025-01-01 01:39:36.898979081,58,2025-01-01 01:51:22.898979081
TXN00000031,CAPTURED,2025-01-01 01:39:36.975645747,58,2025-01-01 01:40:57.975645747
TXN00000031,SETTLED,2025-01-03 01:39:37.052312414,58,2025-01-03 01:53:49.052312414
TXN00000032,CREATED,2025-01-01 01:41:21.732157123,277,2025-01-01 01:52:38.732157123
TXN00000032,AUTHORIZED,2025-01-01 01:41:22.101490456,277,2025-01-01 01:48:21.101490456
TXN00000032,CAPTURED,2025-01-01 01:41:22.470823790,277,2025-01-01 01:54:29.470823790
TXN00000032,SETTLED,2025-01-02 01:41:22.840157123,277,2025-01-07 01:41:22.840157123
TXN00000033,CREATED,2025-01-01 01:42:00.067475674,38,2025-01-01 01:45:12.067475674
TXN00000033,AUTHORIZED,2025-01-01 01:42:00.118142341,38,2025-01-01 01:44:03.118142341
TXN00000033,CAPTURED,2025-01-01 01:42:00.168809007,38,2025-01-01 01:50:05.168809007
TXN00000033,SETTLED,2025-01-03 01:42:00.219475674,38,2025-01-06 01:42:00.219475674
TXN00000034,CREATED,2025-01-01 01:43:52.943561732,76,2025-01-01 01:48:55.943561732
TXN00000034,AUTHORIZED,2025-01-01 01:43:53.044895065,76,2025-01-01 01:50:21.044895065
TXN00000034,CAPTURED,2025-01-01 01:43:53.146228399,76,2025-01-01 01:51:36.146228399
TXN00000034,SETTLED,2025-01-03 01:43:53.247561732,76,2025-01-03 01:50:13.247561732
TXN00000035,CREATED,2025-01-01 01:48:13.036245936,117,2025-01-01 02:00:00.036245936
TXN00000035,AUTHORIZED,2025-01-01 01:48:13.192579269,117,2025-01-01 01:56:48.192579269
TXN00000035,CAPTURED,2025-01-01 01:48:13.348912603,117,2025-01-01 01:54:34.348912603
TXN00000035,SETTLED,2025-01-02 01:48:13.505245936,117,2025-01-02 01:51:01.505245936
TXN00000036,CREATED,2025-01-01 01:53:54.247234378,110,2025-01-01 02:02:33.247234378
TXN00000036,AUTHORIZED,2025-01-01 01:53:54.394234378,110,2025-01-01 02:01:19.394234378
TXN00000036,CAPTURED,2025-01-01 01:53:54.541234378,110,2025-01-01 02:08:47.541234378
TXN00000036,SETTLED,2025-01-03 01:53:54.688234378,110,2025-01-06 01:53:54.688234378
TXN00000037,CREATED,2025-01-01 01:55:14.664798290,78,2025-01-01 01:58:16.664798290
TXN00000037,AUTHORIZED,2025-01-01 01:55:14.769464957,78,2025-01-01 02:09:50.769464957
TXN00000037,CAPTURED,2025-01-01 01:55:14.874131623,78,2025-01-01 02:06:29.874131623
TXN00000037,SETTLED,2025-01-02 01:55:14.978798290,78,2025-01-02 02:02:17.978798290
TXN00000038,CREATED,2025-01-01 01:55:43.370780372,96,2025-01-01 02:00:59.370780372
TXN00000038,AUTHORIZED,2025-01-01 01:55:43.498113705,96,2025-01-01 01:56:24.498113705
TXN00000038,CAPTURED,2025-01-01 01:55:43.625447039,96,2025-01-01 02:06:42.625447039
TXN00000038,SETTLED,2025-01-03 01:55:43.752780372,96,2025-01-03 01:56:35.752780372
TXN00000039,CREATED,2025-01-01 01:56:27.491807411,58,2025-01-01 02:04:22.491807411
TXN00000039,AUTHORIZED,2025-01-01 01:56:27.569140744,58,2025-01-01 02:07:46.569140744
TXN00000039,CAPTURED,2025-01-01 01:56:27.646474078,58,2025-01-01 01:56:58.646474078
TXN00000039,SETTLED,2025-01-03 01:56:27.723807411,58,2025-01-03 01:59:27.723807411
TXN00000040,CREATED,2025-01-01 01:56:30.392145098,115,2025-01-01 02:11:23.392145098
TXN00000040,AUTHORIZED,2025-01-01 01:56:30.545145098,115,2025-01-01 02:10:56.545145098
TXN00000040,CAPTURED,2025-01-01 01:56:30.698145098,115,2025-01-01 01:59:28.698145098
TXN00000040,SETTLED,2025-01-03 01:56:30.851145098,115,2025-01-03 01:59:00.851145098
TXN00000041,CREATED,2025-01-01 01:56:35.776585625,33,2025-01-01 01:59:30.776585625
TXN00000041,AUTHORIZED,2025-01-01 01:56:35.820585625,33,2025-01-01 01:58:51.820585625
TXN00000041,CAPTURED,2025-01-01 01:56:35.864585625,33,2025-01-01 02:00:25.864585625
TXN00000041,SETTLED,2025-01-02 01:56:35.908585625,33,2025-01-02 02:01:06.908585625
TXN00000042,CREATED,2025-01-01 02:00:21.280283885,112,2025-01-01 02:13:47.280283885
TXN00000042,AUTHORIZED,2025-01-01 02:00:21.429950552,112,2025-01-01 02:15:05.429950552
TXN00000042,CAPTURED,2025-01-01 02:00:21.579617218,112,2025-01-01 02:08:32.579617218
TXN00000042,SETTLED,2025-01-02 02:00:21.729283885,112,2025-01-02 02:04:43.729283885
TXN00000043,CREATED,2025-01-01 02:04:43.359501764,91,2025-01-01 02:18:51.359501764
TXN00000043,AUTHORIZED,2025-01-01 02:04:43.481168431,91,2025-01-01 02:14:35.481168431
TXN00000043,CAPTURED,2025-01-01 02:04:43.602835097,91,2025-01-01 02:09:54.602835097
TXN00000043,SETTLED,2025-01-03 02:04:43.724501764,91,2025-01-11 02:04:43.724501764
TXN00000044,CREATED,2025-01-01 02:05:00.420301049,84,2025-01-01 02:10:45.420301049
TXN00000044,AUTHORIZED,2025-01-01 02:05:00.531967716,84,2025-01-01 02:12:02.531967716
TXN00000044,CAPTURED,2025-01-01 02:05:00.643634382,84,2025-01-01 02:10:17.643634382
TXN00000044,SETTLED,2025-01-03 02:05:00.755301049,84,2025-01-10 02:05:00.755301049
TXN00000045,CREATED,2025-01-01 02:10:39.955954588,62,2025-01-01 02:24:41.955954588
TXN00000045,AUTHORIZED,2025-01-01 02:10:40.038287921,62,2025-01-01 02:19:19.038287921
TXN00000045,CAPTURED,2025-01-01 02:10:40.120621255,62,2025-01-01 02:14:11.120621255
TXN00000045,SETTLED,2025-01-02 02:10:40.202954588,62,2025-01-02 02:12:07.202954588
TXN00000046,CREATED,2025-01-01 02:16:06.089085579,60,2025-01-01 02:23:58.089085579
TXN00000046,AUTHORIZED,2025-01-01 02:16:06.169085579,60,2025-01-01 02:26:06.169085579
TXN00000046,CAPTURED,2025-01-01 02:16:06.249085579,60,2025-01-01 02:21:58.249085579
TXN00000046,SETTLED,2025-01-02 02:16:06.329085579,60,2025-01-02 02:16:28.329085579
TXN00000047,CREATED,2025-01-01 02:20:24.716245478,117,2025-01-01 02:31:14.716245478
TXN00000047,AUTHORIZED,2025-01-01 02:20:24.872578811,117,2025-01-01 02:34:03.872578811
TXN00000047,CAPTURED,2025-01-01 02:20:25.028912145,117,2025-01-01 02:23:16.028912145
TXN00000047,SETTLED,2025-01-03 02:20:25.185245478,117,2025-01-03 02:26:30.185245478
TXN00000048,CREATED,2025-01-01 02:26:04.064043704,122,2025-01-01 02:37:29.064043704
TXN00000048,AUTHORIZED,2025-01-01 02:26:04.226377037,122,2025-01-01 02:37:28.226377037
TXN00000048,CAPTURED,2025-01-01 02:26:04.388710371,122,2025-01-01 02:37:31.388710371
TXN00000048,SETTLED,2025-01-02 02:26:04.551043704,122,2025-01-04 02:26:04.551043704
TXN00000049,CREATED,2025-01-01 02:33:11.681528486,44,2025-01-01 02:44:18.681528486
TXN00000049,AUTHORIZED,2025-01-01 02:33:11.739528486,44,2025-01-01 02:34:25.739528486
TXN00000049,CAPTURED,2025-01-01 02:33:11.797528486,44,2025-01-01 02:46:31.797528486
TXN00000049,SETTLED,2025-01-02 02:33:11.855528486,44,2025-01-06 02:33:11.855528486
TXN00000050,CREATED,2025-01-01 02:43:23.295004094,108,2025-01-01 02:48:22.295004094
TXN00000050,AUTHORIZED,2025-01-01 02:43:23.439337427,108,2025-01-01 02:51:00.439337427
TXN00000050,CAPTURED,2025-01-01 02:43:23.583670761,108,2025-01-01 02:49:44.583670761
TXN00000050,SETTLED,2025-01-02 02:43:23.728004094,108,2025-01-07 02:43:23.728004094
TXN00000051,CREATED,2025-01-01 02:45:32.415471021,310,2025-01-01 02:54:21.415471021
TXN00000051,AUTHORIZED,2025-01-01 02:45:32.828471021,310,2025-01-01 02:49:43.828471021
TXN00000051,CAPTURED,2025-01-01 02:45:33.241471021,310,2025-01-01 02:58:39.241471021
TXN00000051,SETTLED,2025-01-03 02:45:33.654471021,310,2025-01-03 02:50:33.654471021
TXN00000052,CREATED,2025-01-01 02:50:41.479773002,66,2025-01-01 03:00:03.479773002
TXN00000052,AUTHORIZED,2025-01-01 02:50:41.567773002,66,2025-01-01 03:02:19.567773002
TXN00000052,CAPTURED,2025-01-01 02:50:41.655773002,66,2025-01-01 02:58:38.655773002
TXN00000052,SETTLED,2025-01-02 02:50:41.743773002,66,2025-01-02 03:04:31.743773002
TXN00000053,CREATED,2025-01-01 02:51:15.319208340,181,2025-01-01 02:54:51.319208340
TXN00000053,AUTHORIZED,2025-01-01 02:51:15.560208340,181,2025-01-01 02:52:05.560208340
TXN00000053,CAPTURED,2025-01-01 02:51:15.801208340,181,2025-01-01 02:57:08.801208340
TXN00000053,SETTLED,2025-01-03 02:51:16.042208340,181,2025-01-03 02:58:20.042208340
TXN00000054,CREATED,2025-01-01 02:51:41.318032210,79,2025-01-01 03:05:26.318032210
TXN00000054,AUTHORIZED,2025-01-01 02:51:41.423032210,79,2025-01-01 02:54:31.423032210
TXN00000054,CAPTURED,2025-01-01 02:51:41.528032210,79,2025-01-01 03:05:55.528032210
TXN00000054,SETTLED,2025-01-02 02:51:41.633032210,79,2025-01-05 02:51:41.633032210
TXN00000055,CREATED,2025-01-01 02:55:07.473989106,182,2025-01-01 03:03:29.473989106
TXN00000055,AUTHORIZED,2025-01-01 02:55:07.717322439,182,2025-01-01 03:00:16.717322439
TXN00000055,CAPTURED,2025-01-01 02:55:07.960655773,182,2025-01-01 03:02:19.960655773
TXN00000055,SETTLED,2025-01-02 02:55:08.203989106,182,2025-01-02 03:05:11.203989106
TXN00000056,CREATED,2025-01-01 02:55:58.003432184,166,2025-01-01 02:59:54.003432184
TXN00000056,AUTHORIZED,2025-01-01 02:55:58.252932184,166,2025-01-01 03:06:23.252932184
TXN00000056,FAILED,2025-01-01 02:55:58.502432184,166,2025-01-01 02:56:44.502432184
TXN00000057,CREATED,2025-01-01 03:01:07.208137834,328,2025-01-01 03:12:53.208137834
TXN00000057,AUTHORIZED,2025-01-01 03:01:07.645804501,328,2025-01-01 03:10:02.645804501
TXN00000057,CAPTURED,2025-01-01 03:01:08.083471167,328,2025-01-01 03:07:03.083471167
TXN00000057,SETTLED,2025-01-03 03:01:08.521137834,328,2025-01-03 03:02:56.521137834
TXN00000058,CREATED,2025-01-01 03:02:07.481916370,180,2025-01-01 03:04:49.481916370
TXN00000058,DECLINED,2025-01-01 03:02:07.840916370,180,2025-01-01 03:07:32.840916370
TXN00000059,CREATED,2025-01-01 03:12:52.693268228,66,2025-01-01 03:25:57.693268228
TXN00000059,AUTHORIZED,2025-01-01 03:12:52.781934895,66,2025-01-01 03:27:23.781934895
TXN00000059,CAPTURED,2025-01-01 03:12:52.870601561,66,2025-01-01 03:13:27.870601561
TXN00000059,SETTLED,2025-01-02 03:12:52.959268228,66,2025-01-02 03:18:56.959268228
TXN00000060,CREATED,2025-01-01 03:13:30.009558917,43,2025-01-01 03:14:14.009558917
TXN00000060,AUTHORIZED,2025-01-01 03:13:30.066558917,43,2025-01-01 03:24:43.066558917
TXN00000060,CAPTURED,2025-01-01 03:13:30.123558917,43,2025-01-01 03:27:35.123558917
TXN00000060,SETTLED,2025-01-03 03:13:30.180558917,43,2025-01-03 03:22:13.180558917
TXN00000061,CREATED,2025-01-01 03:14:23.735766623,155,2025-01-01 03:17:12.735766623
TXN00000061,AUTHORIZED,2025-01-01 03:14:23.942433290,155,2025-01-01 03:22:21.942433290
TXN00000061,CAPTURED,2025-01-01 03:14:24.149099956,155,2025-01-01 03:23:10.149099956
TXN00000061,SETTLED,2025-01-02 03:14:24.355766623,155,2025-01-02 03:19:36.355766623
TXN00000062,CREATED,2025-01-01 03:15:49.145908610,118,2025-01-01 03:29:01.145908610
TXN00000062,AUTHORIZED,2025-01-01 03:15:49.303908610,118,2025-01-01 03:20:17.303908610
TXN00000062,CAPTURED,2025-01-01 03:15:49.461908610,118,2025-01-01 03:23:59.461908610
TXN00000062,SETTLED,2025-01-02 03:15:49.619908610,118,2025-01-02 03:30:03.619908610
TXN00000063,CREATED,2025-01-01 03:20:59.840081700,91,2025-01-01 03:27:19.840081700
TXN00000063,AUTHORIZED,2025-01-01 03:20:59.961081700,91,2025-01-01 03:25:18.961081700
TXN00000063,CAPTURED,2025-01-01 03:21:00.082081700,91,2025-01-01 03:29:52.082081700
TXN00000063,SETTLED,2025-01-02 03:21:00.203081700,91,2025-01-11 03:21:00.203081700
TXN00000064,CREATED,2025-01-01 03:21:17.396301893,150,2025-01-01 03:28:42.396301893
TXN00000064,AUTHORIZED,2025-01-01 03:21:17.595635226,150,2025-01-01 03:30:10.595635226
TXN00000064,CAPTURED,2025-01-01 03:21:17.794968560,150,2025-01-01 03:32:50.794968560
TXN00000064,SETTLED,2025-01-02 03:21:17.994301893,150,2025-01-02 03:26:59.994301893
TXN00000065,CREATED,2025-01-01 03:29:04.135118897,116,2025-01-01 03:31:39.135118897
TXN00000065,AUTHORIZED,2025-01-01 03:29:04.289118897,116,2025-01-01 03:39:53.289118897
TXN00000065,CAPTURED,2025-01-01 03:29:04.443118897,116,2025-01-01 03:43:41.443118897
TXN00000065,SETTLED,2025-01-02 03:29:04.597118897,116,2025-01-02 03:37:23.597118897
TXN00000066,CREATED,2025-01-01 03:31:37.881204941,84,2025-01-01 03:35:15.881204941
TXN00000066,AUTHORIZED,2025-01-01 03:31:37.993538274,84,2025-01-01 03:42:21.993538274
TXN00000066,CAPTURED,2025-01-01 03:31:38.105871608,84,2025-01-01 03:39:59.105871608
TXN00000066,SETTLED,2025-01-02 03:31:38.218204941,84,2025-01-04 03:31:38.218204941
TXN00000067,CREATED,2025-01-01 03:32:54.912696367,110,2025-01-01 03:41:26.912696367
TXN00000067,AUTHORIZED,2025-01-01 03:32:55.058696367,110,2025-01-01 03:43:36.058696367
TXN00000067,CAPTURED,2025-01-01 03:32:55.204696367,110,2025-01-01 03:41:25.204696367
TXN00000067,SETTLED,2025-01-03 03:32:55.350696367,110,2025-01-03 03:40:12.350696367
TXN00000068,CREATED,2025-01-01 03:34:00.045865463,130,2025-01-01 03:44:44.045865463
TXN00000068,AUTHORIZED,2025-01-01 03:34:00.219198796,130,2025-01-01 03:35:11.219198796
TXN00000068,CAPTURED,2025-01-01 03:34:00.392532130,130,2025-01-01 03:34:56.392532130
TXN00000068,SETTLED,2025-01-02 03:34:00.565865463,130,2025-01-02 03:48:29.565865463
TXN00000069,CREATED,2025-01-01 03:35:10.042767594,96,2025-01-01 03:40:24.042767594
TXN00000069,DECLINED,2025-01-01 03:35:10.235767594,96,2025-01-01 03:48:26.235767594
TXN00000070,CREATED,2025-01-01 03:38:12.773828293,76,2025-01-01 03:40:24.773828293
TXN00000070,AUTHORIZED,2025-01-01 03:38:12.874828293,76,2025-01-01 03:48:47.874828293
TXN00000070,CAPTURED,2025-01-01 03:38:12.975828293,76,2025-01-01 03:45:28.975828293
TXN00000070,SETTLED,2025-01-02 03:38:13.076828293,76,2025-01-02 03:39:43.076828293
TXN00000071,CREATED,2025-01-01 03:41:04.778817606,234,2025-01-01 03:53:03.778817606
TXN00000071,AUTHORIZED,2025-01-01 03:41:05.090150939,234,2025-01-01 03:47:49.090150939
TXN00000071,CAPTURED,2025-01-01 03:41:05.401484273,234,2025-01-01 03:51:18.401484273
TXN00000071,SETTLED,2025-01-02 03:41:05.712817606,234,2025-01-02 03:51:04.712817606
TXN00000072,CREATED,2025-01-01 03:43:24.575865859,193,2025-01-01 03:45:23.575865859
TXN00000072,AUTHORIZED,2025-01-01 03:43:24.833199192,193,2025-01-01 03:56:03.833199192
TXN00000072,CAPTURED,2025-01-01 03:43:25.090532525,193,2025-01-01 03:54:55.090532525
TXN00000072,SETTLED,2025-01-03 03:43:25.347865859,193,2025-01-03 03:56:52.347865859
TXN00000073,CREATED,2025-01-01 03:50:27.536121660,52,2025-01-01 03:59:50.536121660
TXN00000073,AUTHORIZED,2025-01-01 03:50:27.605788327,52,2025-01-01 03:54:26.605788327
TXN00000073,CAPTURED,2025-01-01 03:50:27.675454993,52,2025-01-01 03:52:52.675454993
TXN00000073,SETTLED,2025-01-03 03:50:27.745121660,52,2025-01-10 03:50:27.745121660
TXN00000074,CREATED,2025-01-01 03:51:22.678266158,57,2025-01-01 04:02:33.678266158
TXN00000074,AUTHORIZED,2025-01-01 03:51:22.753932825,57,2025-01-01 03:52:20.753932825
TXN00000074,CAPTURED,2025-01-01 03:51:22.829599491,57,2025-01-01 03:58:14.829599491
TXN00000074,SETTLED,2025-01-02 03:51:22.905266158,57,2025-01-02 04:05:19.905266158
TXN00000075,CREATED,2025-01-01 03:52:07.639661606,85,2025-01-01 04:01:05.639661606
TXN00000075,AUTHORIZED,2025-01-01 03:52:07.752661606,85,2025-01-01 03:59:22.752661606
TXN00000075,CAPTURED,2025-01-01 03:52:07.865661606,85,2025-01-01 04:05:35.865661606
TXN00000075,SETTLED,2025-01-02 03:52:07.978661606,85,2025-01-09 03:52:07.978661606
TXN00000076,CREATED,2025-01-01 03:54:18.016890612,399,2025-01-01 04:07:32.016890612
TXN00000076,DECLINED,2025-01-01 03:54:18.814890612,399,2025-01-01 04:06:59.814890612
TXN00000077,CREATED,2025-01-01 03:55:59.133273699,194,2025-01-01 03:58:07.133273699
TXN00000077,AUTHORIZED,2025-01-01 03:55:59.392273699,194,2025-01-01 04:02:26.392273699
TXN00000077,CAPTURED,2025-01-01 03:55:59.651273699,194,2025-01-01 04:03:28.651273699
TXN00000077,SETTLED,2025-01-02 03:55:59.910273699,194,2025-01-02 04:02:35.910273699
TXN00000078,CREATED,2025-01-01 03:56:01.117414603,107,2025-01-01 04:06:21.117414603
TXN00000078,AUTHORIZED,2025-01-01 03:56:01.260081270,107,2025-01-01 04:03:46.260081270
TXN00000078,CAPTURED,2025-01-01 03:56:01.402747936,107,2025-01-01 04:09:35.402747936
TXN00000078,SETTLED,2025-01-03 03:56:01.545414603,107,2025-01-03 04:08:31.545414603
TXN00000079,CREATED,2025-01-01 03:58:09.016698298,113,2025-01-01 04:12:00.016698298
TXN00000079,AUTHORIZED,2025-01-01 03:58:09.167031631,113,2025-01-01 04:08:45.167031631
TXN00000079,CAPTURED,2025-01-01 03:58:09.317364965,113,2025-01-01 04:08:09.317364965
TXN00000079,SETTLED,2025-01-02 03:58:09.467698298,113,2025-01-06 03:58:09.467698298
TXN00000080,CREATED,2025-01-01 03:58:20.868982236,245,2025-01-01 04:05:02.868982236
TXN00000080,AUTHORIZED,2025-01-01 03:58:21.195982236,245,2025-01-01 04:10:13.195982236
TXN00000080,CAPTURED,2025-01-01 03:58:21.522982236,245,2025-01-01 04:12:53.522982236
TXN00000080,SETTLED,2025-01-03 03:58:21.849982236,245,2025-01-03 04:09:18.849982236
TXN00000081,CREATED,2025-01-01 04:05:34.020549886,134,2025-01-01 04:12:00.020549886
TXN00000081,AUTHORIZED,2025-01-01 04:05:34.199549886,134,2025-01-01 04:15:32.199549886
TXN00000081,CAPTURED,2025-01-01 04:05:34.378549886,134,2025-01-01 04:17:43.378549886
TXN00000081,SETTLED,2025-01-03 04:05:34.557549886,134,2025-01-03 04:09:58.557549886
TXN00000082,CREATED,2025-01-01 04:12:56.063577853,34,2025-01-01 04:26:30.063577853
TXN00000082,AUTHORIZED,2025-01-01 04:12:56.108577853,34,2025-01-01 04:25:38.108577853
TXN00000082,CAPTURED,2025-01-01 04:12:56.153577853,34,2025-01-01 04:26:01.153577853
TXN00000082,SETTLED,2025-01-02 04:12:56.198577853,34,2025-01-02 04:16:59.198577853
TXN00000083,CREATED,2025-01-01 04:14:30.867199715,127,2025-01-01 04:15:24.867199715
TXN00000083,AUTHORIZED,2025-01-01 04:14:31.036866382,127,2025-01-01 04:28:05.036866382
TXN00000083,CAPTURED,2025-01-01 04:14:31.206533048,127,2025-01-01 04:17:14.206533048
TXN00000083,SETTLED,2025-01-02 04:14:31.376199715,127,2025-01-02 04:25:29.376199715
TXN00000084,CREATED,2025-01-01 04:15:11.782658357,98,2025-01-01 04:20:51.782658357
TXN00000084,AUTHORIZED,2025-01-01 04:15:11.913325023,98,2025-01-01 04:23:24.913325023
TXN00000084,CAPTURED,2025-01-01 04:15:12.043991690,98,2025-01-01 04:25:39.043991690
TXN00000084,SETTLED,2025-01-03 04:15:12.174658357,98,2025-01-03 04:22:08.174658357
TXN00000085,CREATED,2025-01-01 04:15:59.015217491,54,2025-01-01 04:30:43.015217491
TXN00000085,AUTHORIZED,2025-01-01 04:15:59.086550824,54,2025-01-01 04:19:24.086550824
TXN00000085,CAPTURED,2025-01-01 04:15:59.157884158,54,2025-01-01 04:25:05.157884158
TXN00000085,SETTLED,2025-01-02 04:15:59.229217491,54,2025-01-02 04:20:31.229217491
TXN00000086,CREATED,2025-01-01 04:16:04.801165888,78,2025-01-01 04:24:08.801165888
TXN00000086,AUTHORIZED,2025-01-01 04:16:04.905165888,78,2025-01-01 04:19:12.905165888
TXN00000086,CAPTURED,2025-01-01 04:16:05.009165888,78,2025-01-01 04:23:41.009165888
TXN00000086,SETTLED,2025-01-03 04:16:05.113165888,78,2025-01-03 04:22:16.113165888
TXN00000087,CREATED,2025-01-01 04:22:39.069618672,40,2025-01-01 04:32:34.069618672
TXN00000087,AUTHORIZED,2025-01-01 04:22:39.122952005,40,2025-01-01 04:27:59.122952005
TXN00000087,CAPTURED,2025-01-01 04:22:39.176285339,40,2025-01-01 04:31:49.176285339
TXN00000087,SETTLED,2025-01-03 04:22:39.229618672,40,2025-01-03 04:33:27.229618672
TXN00000088,CREATED,2025-01-01 04:25:41.379272412,85,2025-01-01 04:33:12.379272412
TXN00000088,AUTHORIZED,2025-01-01 04:25:41.492939079,85,2025-01-01 04:34:51.492939079
TXN00000088,CAPTURED,2025-01-01 04:25:41.606605745,85,2025-01-01 04:26:31.606605745
TXN00000088,SETTLED,2025-01-03 04:25:41.720272412,85,2025-01-03 04:26:19.720272412
TXN00000089,CREATED,2025-01-01 04:25:51.576186634,86,2025-01-01 04:37:25.576186634
TXN00000089,AUTHORIZED,2025-01-01 04:25:51.690186634,86,2025-01-01 04:29:56.690186634
TXN00000089,CAPTURED,2025-01-01 04:25:51.804186634,86,2025-01-01 04:32:47.804186634
TXN00000089,SETTLED,2025-01-02 04:25:51.918186634,86,2025-01-02 04:32:26.918186634
TXN00000090,CREATED,2025-01-01 04:28:21.235343283,141,2025-01-01 04:39:37.235343283
TXN00000090,AUTHORIZED,2025-01-01 04:28:21.423343283,141,2025-01-01 04:39:48.423343283
TXN00000090,CAPTURED,2025-01-01 04:28:21.611343283,141,2025-01-01 04:34:59.611343283
TXN00000090,SETTLED,2025-01-03 04:28:21.799343283,141,2025-01-03 04:35:14.799343283
TXN00000091,CREATED,2025-01-01 04:29:58.286037578,175,2025-01-01 04:38:42.286037578
TXN00000091,AUTHORIZED,2025-01-01 04:29:58.519370911,175,2025-01-01 04:36:07.519370911
TXN00000091,CAPTURED,2025-01-01 04:29:58.752704245,175,2025-01-01 04:42:49.752704245
TXN00000091,SETTLED,2025-01-02 04:29:58.986037578,175,2025-01-02 04:39:38.986037578
TXN00000092,CREATED,2025-01-01 04:34:03.153887698,106,2025-01-01 04:38:43.153887698
TXN00000092,AUTHORIZED,2025-01-01 04:34:03.294887698,106,2025-01-01 04:46:14.294887698
TXN00000092,CAPTURED,2025-01-01 04:34:03.435887698,106,2025-01-01 04:37:10.435887698
TXN00000092,SETTLED,2025-01-02 04:34:03.576887698,106,2025-01-02 04:48:52.576887698
TXN00000093,CREATED,2025-01-01 04:36:13.180683758,81,2025-01-01 04:48:21.180683758
TXN00000093,AUTHORIZED,2025-01-01 04:36:13.288350425,81,2025-01-01 04:49:08.288350425
TXN00000093,CAPTURED,2025-01-01 04:36:13.396017091,81,2025-01-01 04:37:10.396017091
TXN00000093,SETTLED,2025-01-02 04:36:13.503683758,81,2025-01-02 04:37:55.503683758
TXN00000094,CREATED,2025-01-01 04:38:06.325434836,136,2025-01-01 04:51:08.325434836
TXN00000094,DECLINED,2025-01-01 04:38:06.596434836,136,2025-01-01 04:38:55.596434836
TXN00000095,CREATED,2025-01-01 04:39:41.586065823,25,2025-01-01 04:53:01.586065823
TXN00000095,AUTHORIZED,2025-01-01 04:39:41.619399156,25,2025-01-01 04:50:37.619399156
TXN00000095,CAPTURED,2025-01-01 04:39:41.652732490,25,2025-01-01 04:44:38.652732490
TXN00000095,SETTLED,2025-01-03 04:39:41.686065823,25,2025-01-03 04:54:34.686065823
TXN00000096,CREATED,2025-01-01 04:40:35.814687878,70,2025-01-01 04:46:39.814687878
TXN00000096,AUTHORIZED,2025-01-01 04:40:35.908021211,70,2025-01-01 04:41:27.908021211
TXN00000096,CAPTURED,2025-01-01 04:40:36.001354545,70,2025-01-01 04:55:29.001354545
TXN00000096,SETTLED,2025-01-02 04:40:36.094687878,70,2025-01-02 04:46:28.094687878
TXN00000097,CREATED,2025-01-01 05:02:19.920916381,116,2025-01-01 05:17:12.920916381
TXN00000097,AUTHORIZED,2025-01-01 05:02:20.074916381,116,2025-01-01 05:10:10.074916381
TXN00000097,CAPTURED,2025-01-01 05:02:20.228916381,116,2025-01-01 05:10:41.228916381
TXN00000097,SETTLED,2025-01-02 05:02:20.382916381,116,2025-01-04 05:02:20.382916381
TXN00000098,CREATED,2025-01-01 05:03:09.811807790,206,2025-01-01 05:11:03.811807790
TXN00000098,AUTHORIZED,2025-01-01 05:03:10.085807790,206,2025-01-01 05:10:47.085807790
TXN00000098,CAPTURED,2025-01-01 05:03:10.359807790,206,2025-01-01 05:07:09.359807790
TXN00000098,SETTLED,2025-01-02 05:03:10.633807790,206,2025-01-02 05:14:43.633807790
TXN00000099,CREATED,2025-01-01 05:05:10.532917706,96,2025-01-01 05:17:50.532917706
TXN00000099,AUTHORIZED,2025-01-01 05:05:10.660584373,96,2025-01-01 05:11:51.660584373
TXN00000099,CAPTURED,2025-01-01 05:05:10.788251039,96,2025-01-01 05:09:38.788251039
TXN00000099,SETTLED,2025-01-02 05:05:10.915917706,96,2025-01-02 05:14:17.915917706
TXN00000100,CREATED,2025-01-01 05:07:41.514644317,54,2025-01-01 05:12:10.514644317
TXN00000100,AUTHORIZED,2025-01-01 05:07:41.586310984,54,2025-01-01 05:11:15.586310984
TXN00000100,CAPTURED,2025-01-01 05:07:41.657977650,54,2025-01-01 05:10:33.657977650
TXN00000100,SETTLED,2025-01-02 05:07:41.729644317,54,2025-01-02 05:20:16.729644317
TXN00000101,CREATED,2025-01-01 05:11:19.423950918,71,2025-01-01 05:16:26.423950918
TXN00000101,AUTHORIZED,2025-01-01 05:11:19.518950918,71,2025-01-01 05:24:29.518950918
TXN00000101,CAPTURED,2025-01-01 05:11:19.613950918,71,2025-01-01 05:25:57.613950918
TXN00000101,SETTLED,2025-01-03 05:11:19.708950918,71,2025-01-03 05:22:35.708950918
TXN00000102,CREATED,2025-01-01 05:12:02.975751269,44,2025-01-01 05:17:18.975751269
TXN00000102,AUTHORIZED,2025-01-01 05:12:03.033751269,44,2025-01-01 05:17:43.033751269
TXN00000102,CAPTURED,2025-01-01 05:12:03.091751269,44,2025-01-01 05:17:41.091751269
TXN00000102,SETTLED,2025-01-03 05:12:03.149751269,44,2025-01-03 05:25:56.149751269
TXN00000103,CREATED,2025-01-01 05:14:53.191554302,31,2025-01-01 05:29:26.191554302
TXN00000103,AUTHORIZED,2025-01-01 05:14:53.232554302,31,2025-01-01 05:24:13.232554302
TXN00000103,CAPTURED,2025-01-01 05:14:53.273554302,31,2025-01-01 05:19:02.273554302
TXN00000103,SETTLED,2025-01-03 05:14:53.314554302,31,2025-01-03 05:22:31.314554302
TXN00000104,CREATED,2025-01-01 05:14:58.645181557,146,2025-01-01 05:19:33.645181557
TXN00000104,AUTHORIZED,2025-01-01 05:14:58.839514890,146,2025-01-01 05:24:57.839514890
TXN00000104,CAPTURED,2025-01-01 05:14:59.033848224,146,2025-01-01 05:23:07.033848224
TXN00000104,SETTLED,2025-01-03 05:14:59.228181557,146,2025-01-03 05:25:16.228181557
TXN00000105,CREATED,2025-01-01 05:15:45.944998072,76,2025-01-01 05:16:29.944998072
TXN00000105,AUTHORIZED,2025-01-01 05:15:46.045998072,76,2025-01-01 05:23:38.045998072
TXN00000105,CAPTURED,2025-01-01 05:15:46.146998072,76,2025-01-01 05:30:17.146998072
TXN00000105,SETTLED,2025-01-02 05:15:46.247998072,76,2025-01-02 05:30:45.247998072
TXN00000106,CREATED,2025-01-01 05:21:07.595957788,172,2025-01-01 05:30:50.595957788
TXN00000106,AUTHORIZED,2025-01-01 05:21:07.825624455,172,2025-01-01 05:29:31.825624455
TXN00000106,CAPTURED,2025-01-01 05:21:08.055291121,172,2025-01-01 05:22:47.055291121
TXN00000106,SETTLED,2025-01-02 05:21:08.284957788,172,2025-01-02 05:32:04.284957788
TXN00000107,CREATED,2025-01-01 05:22:49.629883670,58,2025-01-01 05:24:59.629883670
TXN00000107,AUTHORIZED,2025-01-01 05:22:49.707883670,58,2025-01-01 05:33:49.707883670
TXN00000107,CAPTURED,2025-01-01 05:22:49.785883670,58,2025-01-01 05:24:34.785883670
TXN00000107,SETTLED,2025-01-02 05:22:49.863883670,58,2025-01-02 05:28:07.863883670
TXN00000108,CREATED,2025-01-01 05:23:38.751750018,94,2025-01-01 05:24:46.751750018
TXN00000108,AUTHORIZED,2025-01-01 05:23:38.876416685,94,2025-01-01 05:30:46.876416685
TXN00000108,CAPTURED,2025-01-01 05:23:39.001083351,94,2025-01-01 05:29:49.001083351
TXN00000108,SETTLED,2025-01-02 05:23:39.125750018,94,2025-01-02 05:32:27.125750018
TXN00000109,CREATED,2025-01-01 05:25:50.508697238,86,2025-01-01 05:35:38.508697238
TXN00000109,AUTHORIZED,2025-01-01 05:25:50.624030571,86,2025-01-01 05:28:43.624030571
TXN00000109,CAPTURED,2025-01-01 05:25:50.739363905,86,2025-01-01 05:38:14.739363905
TXN00000109,SETTLED,2025-01-02 05:25:50.854697238,86,2025-01-05 05:25:50.854697238
TXN00000110,CREATED,2025-01-01 05:27:40.072521400,122,2025-01-01 05:31:59.072521400
TXN00000110,AUTHORIZED,2025-01-01 05:27:40.234521400,122,2025-01-01 05:38:06.234521400
TXN00000110,CAPTURED,2025-01-01 05:27:40.396521400,122,2025-01-01 05:39:29.396521400
TXN00000110,SETTLED,2025-01-02 05:27:40.558521400,122,2025-01-02 05:37:01.558521400
TXN00000111,CREATED,2025-01-01 05:28:26.394563203,238,2025-01-01 05:38:38.394563203
TXN00000111,AUTHORIZED,2025-01-01 05:28:26.711229870,238,2025-01-01 05:37:21.711229870
TXN00000111,CAPTURED,2025-01-01 05:28:27.027896536,238,2025-01-01 05:30:19.027896536
TXN00000111,SETTLED,2025-01-03 05:28:27.344563203,238,2025-01-03 05:29:59.344563203
TXN00000112,CREATED,2025-01-01 05:29:55.783976425,46,2025-01-01 05:31:24.783976425
TXN00000112,AUTHORIZED,2025-01-01 05:29:55.844976425,46,2025-01-01 05:34:27.844976425
TXN00000112,CAPTURED,2025-01-01 05:29:55.905976425,46,2025-01-01 05:35:58.905976425
TXN00000112,SETTLED,2025-01-02 05:29:55.966976425,46,2025-01-06 05:29:55.966976425
TXN00000113,CREATED,2025-01-01 05:30:18.783279367,37,2025-01-01 05:36:05.783279367
TXN00000113,AUTHORIZED,2025-01-01 05:30:18.832279367,37,2025-01-01 05:41:36.832279367
TXN00000113,CAPTURED,2025-01-01 05:30:18.881279367,37,2025-01-01 05:41:36.881279367
TXN00000113,SETTLED,2025-01-02 05:30:18.930279367,37,2025-01-09 05:30:18.930279367
TXN00000114,CREATED,2025-01-01 05:36:47.140453291,88,2025-01-01 05:41:32.140453291
TXN00000114,AUTHORIZED,2025-01-01 05:36:47.257786624,88,2025-01-01 05:45:31.257786624
TXN00000114,CAPTURED,2025-01-01 05:36:47.375119958,88,2025-01-01 05:37:20.375119958
TXN00000114,SETTLED,2025-01-02 05:36:47.492453291,88,2025-01-02 05:44:08.492453291
TXN00000115,CREATED,2025-01-01 05:36:51.366359004,66,2025-01-01 05:48:57.366359004
TXN00000115,AUTHORIZED,2025-01-01 05:36:51.455025671,66,2025-01-01 05:43:29.455025671
TXN00000115,CAPTURED,2025-01-01 05:36:51.543692337,66,2025-01-01 05:50:12.543692337
TXN00000115,SETTLED,2025-01-03 05:36:51.632359004,66,2025-01-03 05:42:10.632359004
TXN00000116,CREATED,2025-01-01 05:37:22.250740132,60,2025-01-01 05:44:14.250740132
TXN00000116,AUTHORIZED,2025-01-01 05:37:22.330740132,60,2025-01-01 05:37:42.330740132
TXN00000116,CAPTURED,2025-01-01 05:37:22.410740132,60,2025-01-01 05:47:26.410740132
TXN00000116,SETTLED,2025-01-03 05:37:22.490740132,60,2025-01-03 05:47:36.490740132
TXN00000117,CREATED,2025-01-01 05:40:05.671684249,61,2025-01-01 05:48:06.671684249
TXN00000117,AUTHORIZED,2025-01-01 05:40:05.753017582,61,2025-01-01 05:46:05.753017582
TXN00000117,CAPTURED,2025-01-01 05:40:05.834350916,61,2025-01-01 05:50:24.834350916
TXN00000117,SETTLED,2025-01-02 05:40:05.915684249,61,2025-01-07 05:40:05.915684249
TXN00000118,CREATED,2025-01-01 05:40:12.587752205,58,2025-01-01 05:43:11.587752205
TXN00000118,AUTHORIZED,2025-01-01 05:40:12.664752205,58,2025-01-01 05:43:08.664752205
TXN00000118,CAPTURED,2025-01-01 05:40:12.741752205,58,2025-01-01 05:43:44.741752205
TXN00000118,SETTLED,2025-01-02 05:40:12.818752205,58,2025-01-02 05:42:40.818752205
TXN00000119,CREATED,2025-01-01 05:41:53.677610259,60,2025-01-01 05:53:19.677610259
TXN00000119,AUTHORIZED,2025-01-01 05:41:53.757943592,60,2025-01-01 05:56:29.757943592
TXN00000119,CAPTURED,2025-01-01 05:41:53.838276926,60,2025-01-01 05:46:55.838276926
TXN00000119,SETTLED,2025-01-02 05:41:53.918610259,60,2025-01-02 05:43:41.918610259
TXN00000120,CREATED,2025-01-01 05:42:23.884954038,198,2025-01-01 05:42:46.884954038
TXN00000120,AUTHORIZED,2025-01-01 05:42:24.148954038,198,2025-01-01 05:55:21.148954038
TXN00000120,CAPTURED,2025-01-01 05:42:24.412954038,198,2025-01-01 05:54:12.412954038
TXN00000120,SETTLED,2025-01-02 05:42:24.676954038,198,2025-01-02 05:46:00.676954038
TXN00000121,CREATED,2025-01-01 05:42:46.424838440,132,2025-01-01 05:51:22.424838440
TXN00000121,AUTHORIZED,2025-01-01 05:42:46.601505107,132,2025-01-01 05:53:52.601505107
TXN00000121,CAPTURED,2025-01-01 05:42:46.778171773,132,2025-01-01 05:53:36.778171773
TXN00000121,SETTLED,2025-01-03 05:42:46.954838440,132,2025-01-03 05:50:48.954838440
TXN00000122,CREATED,2025-01-01 05:47:14.707234943,46,2025-01-01 05:51:07.707234943
TXN00000122,AUTHORIZED,2025-01-01 05:47:14.769234943,46,2025-01-01 05:50:14.769234943
TXN00000122,CAPTURED,2025-01-01 05:47:14.831234943,46,2025-01-01 05:52:00.831234943
TXN00000122,SETTLED,2025-01-02 05:47:14.893234943,46,2025-01-02 05:54:45.893234943
TXN00000123,CREATED,2025-01-01 05:49:15.937130635,288,2025-01-01 06:00:12.937130635
TXN00000123,AUTHORIZED,2025-01-01 05:49:16.368630635,288,2025-01-01 05:50:16.368630635
TXN00000123,FAILED,2025-01-01 05:49:16.800130635,288,2025-01-01 05:52:10.800130635
TXN00000124,CREATED,2025-01-01 05:52:39.304235993,56,2025-01-01 05:57:17.304235993
TXN00000124,AUTHORIZED,2025-01-01 05:52:39.378569326,56,2025-01-01 06:06:04.378569326
TXN00000124,CAPTURED,2025-01-01 05:52:39.452902660,56,2025-01-01 06:00:13.452902660
TXN00000124,SETTLED,2025-01-02 05:52:39.527235993,56,2025-01-02 06:02:39.527235993
TXN00000125,CREATED,2025-01-01 05:54:50.892429712,59,2025-01-01 05:58:25.892429712
TXN00000125,AUTHORIZED,2025-01-01 05:54:50.971429712,59,2025-01-01 05:58:04.971429712
TXN00000125,CAPTURED,2025-01-01 05:54:51.050429712,59,2025-01-01 06:05:32.050429712
TXN00000125,SETTLED,2025-01-02 05:54:51.129429712,59,2025-01-02 05:58:59.129429712
TXN00000126,CREATED,2025-01-01 05:57:18.714236004,264,2025-01-01 06:11:51.714236004
TXN00000126,AUTHORIZED,2025-01-01 05:57:19.065569337,264,2025-01-01 06:11:20.065569337
TXN00000126,CAPTURED,2025-01-01 05:57:19.416902671,264,2025-01-01 05:57:55.416902671
TXN00000126,SETTLED,2025-01-02 05:57:19.768236004,264,2025-01-02 06:07:00.768236004
TXN00000127,CREATED,2025-01-01 06:04:21.681366245,55,2025-01-01 06:12:23.681366245
TXN00000127,AUTHORIZED,2025-01-01 06:04:21.754699578,55,2025-01-01 06:17:44.754699578
TXN00000127,CAPTURED,2025-01-01 06:04:21.828032912,55,2025-01-01 06:16:37.828032912
TXN00000127,SETTLED,2025-01-03 06:04:21.901366245,55,2025-01-03 06:06:45.901366245
TXN00000128,CREATED,2025-01-01 06:09:44.258408183,242,2025-01-01 06:10:57.258408183
TXN00000128,AUTHORIZED,2025-01-01 06:09:44.581074850,242,2025-01-01 06:20:08.581074850
TXN00000128,CAPTURED,2025-01-01 06:09:44.903741516,242,2025-01-01 06:20:08.903741516
TXN00000128,SETTLED,2025-01-03 06:09:45.226408183,242,2025-01-07 06:09:45.226408183
TXN00000129,CREATED,2025-01-01 06:10:03.360884666,101,2025-01-01 06:14:21.360884666
TXN00000129,AUTHORIZED,2025-01-01 06:10:03.495884666,101,2025-01-01 06:22:54.495884666
TXN00000129,CAPTURED,2025-01-01 06:10:03.630884666,101,2025-01-01 06:24:19.630884666
TXN00000129,SETTLED,2025-01-02 06:10:03.765884666,101,2025-01-02 06:17:25.765884666
TXN00000130,CREATED,2025-01-01 06:21:27.087091258,82,2025-01-01 06:25:53.087091258
