transaction_id,customer_id,merchant_id,amount,currency,channel,status,created_at,route_id
TXN00000001,CUS002274,MER00458,2.71,SGD,UPI,CAPTURED,2025-01-01 00:07:48.442273848,RT_SG_03
TXN00000002,CUS004764,MER00347,510.46,AED,CARD,CAPTURED,2025-01-01 00:09:50.730722680,RT_AE_03
TXN00000003,CUS004274,MER00312,20.21,AED,BANK_TRANSFER,CAPTURED,2025-01-01 00:11:53.942240383,RT_AE_03
TXN00000004,CUS013113,MER00283,9303.78,INR,CARD,CAPTURED,2025-01-01 00:11:59.120753018,RT_IN_02
TXN00000005,CUS012819,MER00323,7181.88,INR,UPI,CAPTURED,2025-01-01 00:17:46.267523528,RT_IN_01
TXN00000006,CUS001023,MER00389,485.66,SGD,CARD,CAPTURED,2025-01-01 00:22:32.701518130,RT_SG_02
TXN00000007,CUS000229,MER00118,617.28,SGD,CARD,CAPTURED,2025-01-01 00:22:43.893075205,RT_SG_03
TXN00000008,CUS009672,MER00014,399456.78,INR,UPI,CAPTURED,2025-01-01 00:23:31.037404678,RT_IN_02
TXN00000009,CUS004995,MER00141,25.89,AED,UPI,CAPTURED,2025-01-01 00:26:03.419359005,RT_AE_01
TXN00000010,CUS006574,MER00059,61.23,SGD,CARD,CAPTURED,2025-01-01 00:27:04.468414694,RT_SG_01
TXN00000011,CUS003296,MER00579,1511.43,AED,CARD,DECLINED,2025-01-01 00:28:01.529600867,RT_AE_03
TXN00000012,CUS002448,MER00527,7130.38,INR,WALLET,CAPTURED,2025-01-01 00:31:56.976181958,RT_IN_01
TXN00000013,CUS014054,MER00148,29741.92,INR,UPI,CAPTURED,2025-01-01 00:32:31.622504146,RT_IN_02
TXN00000014,CUS002940,MER00124,19321.6,INR,UPI,CAPTURED,2025-01-01 00:45:21.703629465,RT_IN_01
TXN00000015,CUS005175,MER00526,5326.28,INR,CARD,CAPTURED,2025-01-01 00:48:40.883840216,RT_IN_02
TXN00000016,CUS010684,MER00435,47205.85,INR,CARD,CAPTURED,2025-01-01 00:49:57.205190171,RT_IN_01
TXN00000017,CUS002660,MER00555,26264.36,INR,UPI,CAPTURED,2025-01-01 00:51:23.192466974,RT_IN_01
TXN00000018,CUS001536,MER00345,2933.48,INR,CARD,CAPTURED,2025-01-01 00:54:53.989639050,RT_IN_02
TXN00000019,CUS012694,MER00518,675.14,SGD,CARD,CAPTURED,2025-01-01 00:56:50.188526336,RT_SG_01
TXN00000020,CUS000806,MER00321,4230.51,INR,CARD,CAPTURED,2025-01-01 00:58:39.325127418,RT_IN_01
TXN00000021,CUS001147,MER00095,8996.97,INR,UPI,DECLINED,2025-01-01 01:00:25.629411484,RT_IN_01
TXN00000022,CUS005784,MER00288,5441.2,INR,WALLET,CAPTURED,2025-01-01 01:01:53.264176691,RT_IN_01
TXN00000023,CUS008530,MER00107,83063.13,INR,UPI,CAPTURED,2025-01-01 01:02:33.691714601,RT_IN_03
TXN00000024,CUS003642,MER00203,67509.41,INR,WALLET,CAPTURED,2025-01-01 01:14:08.139458795,RT_IN_01
TXN00000025,CUS013622,MER00067,16.04,SGD,CARD,CAPTURED,2025-01-01 01:18:41.944754257,RT_SG_03
TXN00000026,CUS012642,MER00067,6.77,SGD,BANK_TRANSFER,FAILED,2025-01-01 01:21:55.668239255,RT_SG_03
TXN00000027,CUS003611,MER00344,475.64,SGD,WALLET,CAPTURED,2025-01-01 01:25:04.722490327,RT_SG_01
TXN00000028,CUS003225,MER00531,2523.82,INR,CARD,CAPTURED,2025-01-01 01:27:49.650369086,RT_IN_02
TXN00000029,CUS004836,MER00434,3763.45,INR,UPI,DECLINED,2025-01-01 01:33:48.316006555,RT_IN_03
TXN00000030,CUS004126,MER00531,7025.52,INR,CARD,CAPTURED,2025-01-01 01:36:43.360005741,RT_IN_01
TXN00000031,CUS004335,MER00464,1777.16,SGD,CARD,CAPTURED,2025-01-01 01:39:36.822312414,RT_SG_03
TXN00000032,CUS013109,MER00081,38.61,SGD,CARD,CAPTURED,2025-01-01 01:41:21.732157123,RT_SG_01
TXN00000033,CUS010721,MER00185,794.43,AED,BANK_TRANSFER,CAPTURED,2025-01-01 01:42:00.067475674,RT_AE_01
TXN00000034,CUS012127,MER00335,15372.38,INR,UPI,CAPTURED,2025-01-01 01:43:52.943561732,RT_IN_01
TXN00000035,CUS004933,MER00323,4471.21,INR,UPI,CAPTURED,2025-01-01 01:48:13.036245936,RT_IN_01
TXN00000036,CUS000960,MER00357,431.25,AED,BANK_TRANSFER,CAPTURED,2025-01-01 01:53:54.247234378,RT_AE_01
TXN00000037,CUS010865,MER00554,13199.79,INR,WALLET,CAPTURED,2025-01-01 01:55:14.664798290,RT_IN_01
TXN00000038,CUS005947,MER00311,3145.78,INR,CARD,CAPTURED,2025-01-01 01:55:43.370780372,RT_IN_01
TXN00000039,CUS009994,MER00042,7609.21,INR,CARD,CAPTURED,2025-01-01 01:56:27.491807411,RT_IN_01
TXN00000040,CUS008633,MER00595,2074.42,INR,CARD,CAPTURED,2025-01-01 01:56:30.392145098,RT_IN_02
TXN00000041,CUS011837,MER00323,3347.64,INR,CARD,CAPTURED,2025-01-01 01:56:35.776585625,RT_IN_01
TXN00000042,CUS009273,MER00524,6482.45,INR,BANK_TRANSFER,CAPTURED,2025-01-01 02:00:21.280283885,RT_IN_01
TXN00000043,CUS008860,MER00556,9036.52,INR,WALLET,CAPTURED,2025-01-01 02:04:43.359501764,RT_IN_03
TXN00000044,CUS012101,MER00600,33100.16,INR,BANK_TRANSFER,CAPTURED,2025-01-01 02:05:00.420301049,RT_IN_03
TXN00000045,CUS004763,MER00518,510.63,SGD,CARD,CAPTURED,2025-01-01 02:10:39.955954588,RT_SG_01
TXN00000046,CUS004770,MER00323,4076.98,INR,CARD,CAPTURED,2025-01-01 02:16:06.089085579,RT_IN_02
TXN00000047,CUS009253,MER00485,3949.57,INR,UPI,CAPTURED,2025-01-01 02:20:24.716245478,RT_IN_01
TXN00000048,CUS013928,MER00568,8019.28,INR,BANK_TRANSFER,CAPTURED,2025-01-01 02:26:04.064043704,RT_IN_03
TXN00000049,CUS002333,MER00298,3370.25,SGD,BANK_TRANSFER,CAPTURED,2025-01-01 02:33:11.681528486,RT_SG_01
TXN00000050,CUS007431,MER00077,227.23,SGD,CARD,CAPTURED,2025-01-01 02:43:23.295004094,RT_SG_01
TXN00000051,CUS003375,MER00323,19023.85,INR,CARD,CAPTURED,2025-01-01 02:45:32.415471021,RT_IN_01
TXN00000052,CUS004620,MER00146,10720.53,INR,UPI,CAPTURED,2025-01-01 02:50:41.479773002,RT_IN_01
TXN00000053,CUS010351,MER00216,2250.94,AED,CARD,CAPTURED,2025-01-01 02:51:15.319208340,RT_AE_02
TXN00000054,CUS001589,MER00240,913.81,AED,BANK_TRANSFER,CAPTURED,2025-01-01 02:51:41.318032210,RT_AE_01
TXN00000055,CUS003930,,11116.17,INR,UPI,CAPTURED,2025-01-01 02:55:07.473989106,RT_IN_01
TXN00000056,CUS008118,MER00352,82.49,SGD,UPI,FAILED,2025-01-01 02:55:58.003432184,RT_SG_01
TXN00000057,CUS003469,MER00064,36195.15,INR,UPI,CAPTURED,2025-01-01 03:01:07.208137834,RT_IN_02
TXN00000058,CUS004302,MER00298,1933.6,SGD,CARD,DECLINED,2025-01-01 03:02:07.481916370,RT_SG_02
TXN00000059,CUS010858,MER00556,4429.32,INR,UPI,CAPTURED,2025-01-01 03:12:52.693268228,RT_IN_01
TXN00000060,CUS011624,MER00086,14058.61,INR,UPI,CAPTURED,2025-01-01 03:13:30.009558917,RT_IN_01
TXN00000061,CUS001263,MER00323,5942.4,INR,WALLET,CAPTURED,2025-01-01 03:14:23.735766623,RT_IN_01
TXN00000062,CUS003402,MER00273,6273.87,INR,WALLET,CAPTURED,2025-01-01 03:15:49.145908610,RT_IN_02
TXN00000063,CUS013907,MER00189,33700.73,INR,UPI,CAPTURED,2025-01-01 03:20:59.840081700,RT_IN_03
TXN00000064,CUS009466,,55244.81,INR,WALLET,CAPTURED,2025-01-01 03:21:17.396301893,RT_IN_01
TXN00000065,CUS000783,MER00283,1625.04,INR,UPI,CAPTURED,2025-01-01 03:29:04.135118897,RT_IN_01
TXN00000066,CUS008767,MER00140,482.26,AED,BANK_TRANSFER,CAPTURED,2025-01-01 03:31:37.881204941,RT_AE_01
TXN00000067,CUS006571,MER00162,30830.02,INR,UPI,CAPTURED,2025-01-01 03:32:54.912696367,RT_IN_01
TXN00000068,CUS000253,MER00094,1860.33,INR,UPI,CAPTURED,2025-01-01 03:34:00.045865463,RT_IN_02
TXN00000069,CUS013721,MER00323,2700.31,INR,WALLET,DECLINED,2025-01-01 03:35:10.042767594,RT_IN_01
TXN00000070,CUS010815,MER00509,11703.53,INR,UPI,CAPTURED,2025-01-01 03:38:12.773828293,RT_IN_02
TXN00000071,CUS006691,MER00323,15657.37,INR,CARD,CAPTURED,2025-01-01 03:41:04.778817606,RT_IN_01
TXN00000072,CUS013119,MER00330,210.47,AED,CARD,CAPTURED,2025-01-01 03:43:24.575865859,RT_AE_03
TXN00000073,CUS004912,MER00166,78.14,SGD,CARD,CAPTURED,2025-01-01 03:50:27.536121660,RT_SG_01
TXN00000074,CUS010441,MER00198,2553.32,INR,UPI,CAPTURED,2025-01-01 03:51:22.678266158,RT_IN_01
TXN00000075,CUS011812,MER00497,49.35,SGD,CARD,CAPTURED,2025-01-01 03:52:07.639661606,RT_SG_01
TXN00000076,CUS012889,MER00283,2154.41,INR,WALLET,DECLINED,2025-01-01 03:54:18.016890612,RT_IN_01
TXN00000077,CUS007684,MER00005,3375.43,INR,CARD,CAPTURED,2025-01-01 03:55:59.133273699,RT_IN_01
TXN00000078,CUS010792,MER00008,81222.3,INR,CARD,CAPTURED,2025-01-01 03:56:01.117414603,RT_IN_01
TXN00000079,CUS001994,MER00357,665.73,AED,CARD,CAPTURED,2025-01-01 03:58:09.016698298,RT_AE_01
TXN00000080,CUS007983,MER00067,14.63,SGD,CARD,CAPTURED,2025-01-01 03:58:20.868982236,RT_SG_03
TXN00000081,CUS003240,MER00597,1037.82,INR,CARD,CAPTURED,2025-01-01 04:05:34.020549886,RT_IN_02
TXN00000082,CUS004204,MER00091,69721.12,INR,UPI,CAPTURED,2025-01-01 04:12:56.063577853,RT_IN_01
TXN00000083,CUS009604,MER00470,900.48,INR,WALLET,CAPTURED,2025-01-01 04:14:30.867199715,RT_IN_01
TXN00000084,CUS007602,MER00008,75312.5,INR,UPI,CAPTURED,2025-01-01 04:15:11.782658357,RT_IN_01
TXN00000085,CUS008117,MER00314,485.62,AED,BANK_TRANSFER,CAPTURED,2025-01-01 04:15:59.015217491,RT_AE_02
TXN00000086,CUS011386,MER00185,465.71,AED,BANK_TRANSFER,CAPTURED,2025-01-01 04:16:04.801165888,RT_AE_01
TXN00000087,CUS000770,MER00273,3085.37,INR,UPI,CAPTURED,2025-01-01 04:22:39.069618672,RT_IN_02
TXN00000088,CUS005340,MER00226,2438.8,INR,WALLET,CAPTURED,2025-01-01 04:25:41.379272412,RT_IN_01
TXN00000089,CUS004652,MER00279,3501.44,AED,CARD,CAPTURED,2025-01-01 04:25:51.576186634,RT_AE_02
TXN00000090,CUS014976,MER00206,17488.88,INR,BANK_TRANSFER,CAPTURED,2025-01-01 04:28:21.235343283,RT_IN_02
TXN00000091,CUS008641,MER00429,2461.68,INR,UPI,CAPTURED,2025-01-01 04:29:58.286037578,RT_IN_02
TXN00000092,CUS011497,MER00333,35.39,AED,CARD,CAPTURED,2025-01-01 04:34:03.153887698,RT_AE_03
TXN00000093,CUS009705,MER00301,2241.57,INR,CARD,CAPTURED,2025-01-01 04:36:13.180683758,RT_IN_01
TXN00000094,CUS011119,MER00446,116.46,AED,BANK_TRANSFER,DECLINED,2025-01-01 04:38:06.325434836,RT_AE_01
TXN00000095,CUS002730,MER00465,141.59,SGD,CARD,CAPTURED,2025-01-01 04:39:41.586065823,RT_SG_02
TXN00000096,CUS011340,MER00162,57522.26,INR,UPI,CAPTURED,2025-01-01 04:40:35.814687878,RT_IN_03
TXN00000097,CUS008841,MER00185,88.58,AED,CARD,CAPTURED,2025-01-01 05:02:19.920916381,RT_AE_01
TXN00000098,CUS011768,MER00220,9252.97,INR,CARD,CAPTURED,2025-01-01 05:03:09.811807790,RT_IN_01
TXN00000099,CUS010028,MER00226,2473.54,INR,UPI,CAPTURED,2025-01-01 05:05:10.532917706,RT_IN_02
TXN00000100,CUS000694,MER00364,459.1,AED,BANK_TRANSFER,CAPTURED,2025-01-01 05:07:41.514644317,RT_AE_03
TXN00000101,CUS009026,MER00134,13427.82,INR,CARD,CAPTURED,2025-01-01 05:11:19.423950918,RT_IN_02
TXN00000102,CUS001037,MER00115,35455.74,INR,UPI,CAPTURED,2025-01-01 05:12:02.975751269,RT_IN_03
TXN00000103,CUS000224,MER00411,75.85,SGD,BANK_TRANSFER,CAPTURED,2025-01-01 05:14:53.191554302,RT_SG_02
TXN00000104,CUS000503,MER00240,234.08,AED,CARD,CAPTURED,2025-01-01 05:14:58.645181557,RT_AE_03
TXN00000105,CUS007518,MER00011,153.64,SGD,CARD,CAPTURED,2025-01-01 05:15:45.944998072,RT_SG_01
TXN00000106,CUS004963,MER00084,86447.36,INR,UPI,CAPTURED,2025-01-01 05:21:07.595957788,RT_IN_01
TXN00000107,CUS000806,MER00159,7970.46,INR,UPI,CAPTURED,2025-01-01 05:22:49.629883670,RT_IN_02
TXN00000108,CUS002855,MER00107,22548.71,INR,CARD,CAPTURED,2025-01-01 05:23:38.751750018,RT_IN_01
TXN00000109,CUS009487,MER00070,7679.84,INR,UPI,CAPTURED,2025-01-01 05:25:50.508697238,RT_IN_03
TXN00000110,CUS009060,MER00166,78.76,SGD,CARD,CAPTURED,2025-01-01 05:27:40.072521400,RT_SG_02
TXN00000111,CUS014979,MER00551,1542.11,INR,UPI,CAPTURED,2025-01-01 05:28:26.394563203,RT_IN_01
TXN00000112,CUS005779,MER00301,8502.07,INR,CARD,CAPTURED,2025-01-01 05:29:55.783976425,RT_IN_03
TXN00000113,CUS009504,MER00240,481.33,AED,CARD,CAPTURED,2025-01-01 05:30:18.783279367,RT_AE_01
TXN00000114,CUS012428,MER00323,9526.67,INR,UPI,CAPTURED,2025-01-01 05:36:47.140453291,RT_IN_02
TXN00000115,CUS010099,MER00242,30908.69,INR,UPI,CAPTURED,2025-01-01 05:36:51.366359004,RT_IN_01
TXN00000116,CUS002660,MER00159,10399.74,INR,UPI,CAPTURED,2025-01-01 05:37:22.250740132,RT_IN_01
TXN00000117,CUS013124,MER00426,326.44,SGD,CARD,CAPTURED,2025-01-01 05:40:05.671684249,RT_SG_01
TXN00000118,CUS008759,MER00566,4707.48,INR,BANK_TRANSFER,CAPTURED,2025-01-01 05:40:12.587752205,RT_IN_01
TXN00000119,CUS014628,MER00557,7525.55,INR,UPI,CAPTURED,2025-01-01 05:41:53.677610259,RT_IN_02
TXN00000120,CUS004740,MER00146,2702.57,INR,UPI,CAPTURED,2025-01-01 05:42:23.884954038,RT_IN_01
TXN00000121,CUS001277,MER00319,16148.56,INR,CARD,CAPTURED,2025-01-01 05:42:46.424838440,RT_IN_01
TXN00000122,CUS003432,MER00588,3847.05,INR,WALLET,CAPTURED,2025-01-01 05:47:14.707234943,RT_IN_01
TXN00000123,CUS000506,MER00323,12888.97,INR,CARD,FAILED,2025-01-01 05:49:15.937130635,RT_IN_01
TXN00000124,CUS014960,MER00429,1067.35,INR,CARD,CAPTURED,2025-01-01 05:52:39.304235993,RT_IN_01
TXN00000125,CUS004723,MER00178,1262.9,INR,CARD,CAPTURED,2025-01-01 05:54:50.892429712,RT_IN_02
TXN00000126,CUS006923,MER00544,13384.69,INR,CARD,CAPTURED,2025-01-01 05:57:18.714236004,RT_IN_02
TXN00000127,CUS010197,MER00323,4216.0,INR,UPI,CAPTURED,2025-01-01 06:04:21.681366245,RT_IN_01
TXN00000128,CUS010690,MER00323,10426.84,INR,UPI,CAPTURED,2025-01-01 06:09:44.258408183,RT_IN_03
TXN00000129,CUS000762,MER00159,11295.57,INR,CARD,CAPTURED,2025-01-01 06:10:03.360884666,RT_IN_02
TXN00000130,CUS002904,MER00301,5549.91,INR,UPI,CAPTURED,2025-01-01 06:21:27.087091258,RT_IN_03
TXN00000131,CUS010111,MER00146,6309.14,INR,WALLET,CAPTURED,2025-01-01 06:28:35.882707261,RT_IN_01
TXN00000132,CUS007281,MER00146,19961.56,INR,WALLET,CAPTURED,2025-01-01 06:30:27.080256533,RT_IN_01
TXN00000133,CUS013009,MER00383,3969.38,INR,UPI,CAPTURED,2025-01-01 06:34:53.407688119,RT_IN_03
TXN00000134,CUS005419,MER00525,2016.28,AED,CARD,CAPTURED,2025-01-01 06:37:26.158396045,RT_AE_01
TXN00000135,CUS014106,MER00036,440.85,AED,CARD,CAPTURED,2025-01-01 06:37:48.812206338,RT_AE_02
TXN00000136,CUS006217,MER00185,539.36,AED,BANK_TRANSFER,CAPTURED,2025-01-01 06:39:36.123136767,RT_AE_03
TXN00000137,CUS007972,MER00241,1409.0,AED,CARD,DECLINED,2025-01-01 06:40:48.498622987,RT_AE_01
TXN00000138,CUS005654,MER00323,20885.47,INR,UPI,CAPTURED,2025-01-01 06:41:17.414166170,RT_IN_02
TXN00000139,CUS005732,MER00242,5706.28,INR,WALLET,CAPTURED,2025-01-01 06:47:16.349423751,RT_IN_01
TXN00000140,CUS007617,MER00323,6910.4,INR,WALLET,CAPTURED,2025-01-01 06:48:05.986033896,RT_IN_02
TXN00000141,CUS013818,MER00206,8740.63,INR,CARD,CAPTURED,2025-01-01 06:48:31.633914119,RT_IN_01
TXN00000142,CUS014360,MER00264,241.91,SGD,CARD,CAPTURED,2025-01-01 06:48:35.262291949,RT_SG_01
TXN00000143,CUS002171,MER00084,46602.49,INR,UPI,CAPTURED,2025-01-01 06:57:51.140972669,RT_IN_01
TXN00000144,CUS010921,MER00429,4939.52,INR,UPI,FAILED,2025-01-01 06:58:06.031029287,RT_IN_02
TXN00000145,CUS012192,MER00469,64.2,AED,BANK_TRANSFER,CAPTURED,2025-01-01 06:58:29.000561654,RT_AE_01
TXN00000146,CUS014976,MER00377,58927.2,INR,WALLET,CAPTURED,2025-01-01 07:00:34.369830147,RT_IN_01
TXN00000147,CUS014516,MER00159,5023.61,INR,UPI,CAPTURED,2025-01-01 07:00:40.666782191,RT_IN_01
TXN00000148,CUS009104,MER00117,140.36,SGD,CARD,CAPTURED,2025-01-01 07:00:49.543319011,RT_SG_01
TXN00000149,CUS014701,MER00040,36309.61,INR,CARD,DECLINED,2025-01-01 07:02:18.670207634,RT_IN_01
TXN00000150,CUS007075,MER00283,1263.78,INR,UPI,CAPTURED,2025-01-01 07:12:59.280664291,RT_IN_02
TXN00000151,CUS009467,MER00593,1843.25,INR,WALLET,CAPTURED,2025-01-01 07:18:36.314452975,RT_IN_03
TXN00000152,CUS012263,MER00197,349.28,AED,WALLET,CAPTURED,2025-01-01 07:18:40.674442974,RT_AE_03
TXN00000153,CUS013782,MER00500,6658.77,INR,CARD,CAPTURED,2025-01-01 07:19:03.284857683,RT_IN_02
TXN00000154,CUS010752,MER00507,90.26,AED,WALLET,CAPTURED,2025-01-01 07:27:00.454973028,RT_AE_01
TXN00000155,CUS006833,MER00323,2427.6,INR,UPI,CAPTURED,2025-01-01 07:27:15.373972683,RT_IN_01
TXN00000156,CUS009031,MER00568,5237.64,INR,WALLET,CAPTURED,2025-01-01 07:27:56.996708307,RT_IN_02
TXN00000157,CUS007812,MER00301,1128.65,INR,UPI,CAPTURED,2025-01-01 07:37:47.029464364,RT_IN_01
TXN00000158,CUS005203,MER00203,11314.22,INR,CARD,CAPTURED,2025-01-01 07:37:52.506876791,RT_IN_02
TXN00000159,CUS009769,MER00323,41868.15,INR,UPI,CAPTURED,2025-01-01 07:39:45.863995457,RT_IN_01
TXN00000160,CUS004014,MER00076,15178.54,INR,CARD,CAPTURED,2025-01-01 07:44:19.078888344,RT_IN_01
TXN00000161,CUS006627,MER00323,36313.84,INR,BANK_TRANSFER,CAPTURED,2025-01-01 07:51:07.939686320,RT_IN_01
TXN00000162,CUS005868,MER00185,487.63,AED,WALLET,FAILED,2025-01-01 07:55:54.973203070,RT_AE_01
TXN00000163,CUS000263,MER00132,236.03,SGD,BANK_TRANSFER,CAPTURED,2025-01-01 07:58:19.609215566,RT_SG_02
TXN00000164,CUS013746,MER00107,91585.82,INR,WALLET,CAPTURED,2025-01-01 07:59:40.191468148,RT_IN_01
TXN00000165,CUS004422,MER00323,19390.81,INR,CARD,CAPTURED,2025-01-01 08:01:06.827867293,RT_IN_01
TXN00000166,CUS013147,MER00542,20050.93,INR,UPI,CAPTURED,2025-01-01 08:02:08.917774749,RT_IN_02
TXN00000167,CUS003682,MER00233,42.46,AED,CARD,CAPTURED,2025-01-01 08:02:58.255000381,RT_AE_01
TXN00000168,CUS012295,MER00301,13187.55,INR,BANK_TRANSFER,FAILED,2025-01-01 08:04:50.453764337,RT_IN_01
TXN00000169,CUS011237,MER00067,14.23,SGD,CARD,CAPTURED,2025-01-01 08:07:13.280528656,RT_SG_03
TXN00000170,CUS009963,MER00429,3423.38,INR,UPI,FAILED,2025-01-01 08:13:20.363400508,RT_IN_01
TXN00000171,CUS005701,MER00429,1904.69,INR,CARD,CAPTURED,2025-01-01 08:20:58.198589660,RT_IN_02
TXN00000172,CUS002597,MER00323,9358.46,INR,UPI,CAPTURED,2025-01-01 08:22:19.598569810,RT_IN_03
TXN00000173,CUS004307,MER00237,59.04,AED,WALLET,CAPTURED,2025-01-01 08:28:19.579597123,RT_AE_03
TXN00000174,CUS006438,MER00323,5475.83,INR,UPI,CAPTURED,2025-01-01 08:34:26.378257918,RT_IN_01
TXN00000175,CUS009573,MER00301,5639.27,INR,UPI,CAPTURED,2025-01-01 08:38:20.355711161,RT_IN_01
TXN00000176,CUS005080,MER00304,9436.86,INR,UPI,CAPTURED,2025-01-01 08:38:20.936319624,RT_IN_03
TXN00000177,CUS009039,MER00323,4607.14,INR,BANK_TRANSFER,CAPTURED,2025-01-01 08:38:58.243706071,RT_IN_03
TXN00000178,CUS002806,MER00187,5212.69,INR,UPI,DECLINED,2025-01-01 08:39:50.804551569,RT_IN_01
TXN00000179,CUS001625,MER00477,142.4,AED,BANK_TRANSFER,DECLINED,2025-01-01 08:43:18.121248008,RT_AE_01
TXN00000180,CUS011235,MER00169,291.76,AED,CARD,CAPTURED,2025-01-01 08:46:46.080723033,RT_AE_01
TXN00000181,CUS013033,MER00253,11692.9,INR,UPI,FAILED,2025-01-01 08:48:50.459261210,RT_IN_01
TXN00000182,CUS006560,MER00036,1296.69,AED,CARD,CAPTURED,2025-01-01 08:49:14.558535777,RT_AE_01
TXN00000183,CUS011977,MER00198,3995.62,INR,CARD,CAPTURED,2025-01-01 08:51:17.364616135,RT_IN_01
TXN00000184,CUS003580,MER00429,446.95,INR,BANK_TRANSFER,CAPTURED,2025-01-01 08:53:32.191225404,RT_IN_01
TXN00000185,CUS009629,MER00349,9891.8,INR,UPI,CAPTURED,2025-01-01 08:56:12.776074290,RT_IN_01
TXN00000186,CUS006424,MER00092,12437.82,INR,CARD,CAPTURED,2025-01-01 09:09:48.395369674,RT_IN_01
TXN00000187,CUS014741,MER00470,4578.58,INR,UPI,CAPTURED,2025-01-01 09:15:09.700411857,RT_IN_01
TXN00000188,CUS014482,MER00171,4469.45,INR,WALLET,CAPTURED,2025-01-01 09:21:26.434552912,RT_IN_01
TXN00000189,CUS004968,MER00557,2042.15,INR,CARD,CAPTURED,2025-01-01 09:25:10.845003228,RT_IN_02
TXN00000190,CUS005446,MER00055,83459.03,INR,UPI,CAPTURED,2025-01-01 09:25:40.097632361,RT_IN_01
TXN00000191,CUS003042,MER00588,16738.6,INR,CARD,CAPTURED,2025-01-01 09:26:04.451985034,RT_IN_02
TXN00000192,CUS008022,MER00246,194.78,SGD,CARD,CAPTURED,2025-01-01 09:27:53.700772030,RT_SG_01
TXN00000193,CUS011758,MER00185,364.77,AED,CARD,CAPTURED,2025-01-01 09:30:29.373539422,RT_AE_02
TXN00000194,CUS013605,MER00323,15246.23,INR,UPI,CAPTURED,2025-01-01 09:32:23.165590565,RT_IN_01
TXN00000195,CUS006723,MER00312,71.33,AED,BANK_TRANSFER,CAPTURED,2025-01-01 09:35:38.613966337,RT_AE_03
TXN00000196,CUS012730,MER00344,1665.35,SGD,WALLET,DECLINED,2025-01-01 09:36:14.346784667,RT_SG_01
TXN00000197,CUS008838,MER00357,737.17,AED,CARD,CAPTURED,2025-01-01 09:36:53.112386672,RT_AE_01
TXN00000198,CUS007369,MER00076,5917.77,INR,UPI,CAPTURED,2025-01-01 09:38:06.751127574,RT_IN_01
TXN00000199,CUS010380,MER00257,578.94,AED,CARD,CAPTURED,2025-01-01 09:39:48.893211876,RT_AE_02
TXN00000200,CUS002810,MER00007,16.59,SGD,WALLET,CAPTURED,2025-01-01 09:52:44.958173292,RT_SG_03
TXN00000201,CUS006515,MER00556,4072.42,INR,CARD,CAPTURED,2025-01-01 09:54:21.254346103,RT_IN_01
TXN00000202,CUS013385,MER00370,3582.16,INR,WALLET,CAPTURED,2025-01-01 09:57:58.397347687,RT_IN_01
TXN00000203,CUS002393,MER00017,71113.27,INR,UPI,CAPTURED,2025-01-01 10:00:13.826726162,RT_IN_01
TXN00000204,CUS006714,,50.16,SGD,CARD,CAPTURED,2025-01-01 10:03:41.707391938,RT_SG_02
TXN00000205,CUS005239,MER00081,88.06,SGD,CARD,CAPTURED,2025-01-01 10:04:49.571274743,RT_SG_01
TXN00000206,CUS002549,MER00301,8621.69,INR,UPI,CAPTURED,2025-01-01 10:11:26.028306858,RT_IN_01
TXN00000207,CUS007820,MER00128,58.47,SGD,CARD,CAPTURED,2025-01-01 10:15:47.182319805,RT_SG_01
TXN00000208,CUS006629,MER00323,22201.45,INR,BANK_TRANSFER,CAPTURED,2025-01-01 10:16:54.447340597,RT_IN_01
TXN00000209,CUS013148,MER00313,416.63,AED,CARD,CAPTURED,2025-01-01 10:22:50.066345551,RT_AE_02
TXN00000210,CUS006701,MER00128,59.23,SGD,CARD,CAPTURED,2025-01-01 10:24:10.187880109,RT_SG_01
TXN00000211,CUS011595,MER00429,4846.0,INR,WALLET,DECLINED,2025-01-01 10:28:16.048829328,RT_IN_01
TXN00000212,CUS011451,MER00237,24.74,AED,CARD,CAPTURED,2025-01-01 10:28:31.518481239,RT_AE_01
TXN00000213,CUS007953,MER00092,8492.06,INR,CARD,CAPTURED,2025-01-01 10:28:42.792365214,RT_IN_01
TXN00000214,CUS009554,MER00399,35.5,SGD,CARD,CAPTURED,2025-01-01 10:32:20.459252866,RT_SG_01
TXN00000215,CUS013812,MER00028,360.83,SGD,CARD,CAPTURED,2025-01-01 10:32:35.166201916,RT_SG_01
TXN00000216,CUS011294,MER00059,231.29,SGD,CARD,CAPTURED,2025-01-01 10:36:22.142990559,RT_SG_01
TXN00000217,CUS014954,MER00075,283.52,AED,BANK_TRANSFER,CAPTURED,2025-01-01 10:36:23.291297522,RT_AE_01
TXN00000218,CUS012743,MER00103,645.25,INR,CARD,CAPTURED,2025-01-01 10:39:16.040500880,RT_IN_01
TXN00000219,CUS004698,MER00237,247.4,AED,BANK_TRANSFER,CAPTURED,2025-01-01 10:42:19.866229208,RT_AE_01
TXN00000220,CUS012116,MER00323,16944.63,INR,UPI,CAPTURED,2025-01-01 10:47:17.697891814,RT_IN_03
TXN00000221,CUS009740,MER00185,134.77,AED,CARD,CAPTURED,2025-01-01 10:48:34.415068278,RT_AE_03
TXN00000222,CUS011694,MER00307,172.51,AED,BANK_TRANSFER,CAPTURED,2025-01-01 10:51:13.414501321,RT_AE_01
TXN00000223,CUS007038,MER00314,549.53,AED,CARD,CAPTURED,2025-01-01 10:53:57.723872024,RT_AE_03
TXN00000224,CUS007402,MER00429,4673.34,INR,CARD,CAPTURED,2025-01-01 10:55:19.382322186,RT_IN_01
TXN00000225,CUS011031,MER00407,3791.25,INR,UPI,CAPTURED,2025-01-01 11:03:17.132023457,RT_IN_03
TXN00000226,CUS011689,MER00441,15737.39,INR,UPI,CAPTURED,2025-01-01 11:10:27.112486984,RT_IN_03
TXN00000227,CUS002313,MER00185,189.74,AED,WALLET,CAPTURED,2025-01-01 11:15:14.471673081,RT_AE_01
TXN00000228,CUS007161,MER00323,5256.78,INR,UPI,CAPTURED,2025-01-01 11:16:18.878769153,RT_IN_01
TXN00000229,CUS009197,MER00383,3885.32,INR,UPI,CAPTURED,2025-01-01 11:19:39.523492415,RT_IN_02
TXN00000230,CUS004332,MER00518,319.91,SGD,CARD,CAPTURED,2025-01-01 11:22:00.916020201,RT_SG_01
TXN00000231,CUS001031,MER00512,36.38,SGD,BANK_TRANSFER,CAPTURED,2025-01-01 11:22:05.418539614,RT_SG_03
TXN00000232,CUS001846,MER00323,8117.91,INR,CARD,CAPTURED,2025-01-01 11:23:32.613431606,RT_IN_02
TXN00000233,CUS010027,MER00014,24125.28,INR,UPI,CAPTURED,2025-01-01 11:24:59.086264209,RT_IN_01
TXN00000234,CUS007576,MER00340,6243.81,INR,UPI,CAPTURED,2025-01-01 11:26:04.914577114,RT_IN_02
TXN00000235,CUS004058,MER00130,6070.51,INR,BANK_TRANSFER,CAPTURED,2025-01-01 11:26:48.581130552,RT_IN_01
TXN00000236,CUS003695,MER00410,3974.06,AED,BANK_TRANSFER,CAPTURED,2025-01-01 11:28:59.885533315,RT_AE_01
TXN00000237,CUS010251,MER00506,5358.57,INR,UPI,CAPTURED,2025-01-01 11:31:49.008132650,RT_IN_02
TXN00000238,CUS004126,MER00399,364.53,SGD,CARD,CAPTURED,2025-01-01 11:31:55.996579855,RT_SG_01
TXN00000239,CUS013690,MER00301,4706.95,INR,UPI,CAPTURED,2025-01-01 11:35:55.181364918,RT_IN_01
TXN00000240,CUS006238,MER00569,16549.18,INR,BANK_TRANSFER,CAPTURED,2025-01-01 11:37:41.653651241,RT_IN_03
TXN00000241,CUS007950,MER00323,6862.07,INR,BANK_TRANSFER,CAPTURED,2025-01-01 11:38:31.093278172,RT_IN_01
TXN00000242,CUS014644,MER00431,904.98,AED,CARD,DECLINED,2025-01-01 11:39:13.553580870,RT_AE_01
TXN00000243,CUS012623,MER00518,2695.01,SGD,BANK_TRANSFER,CAPTURED,2025-01-01 11:44:02.423254009,RT_SG_02
TXN00000244,CUS002359,MER00429,4636.77,INR,CARD,CAPTURED,2025-01-01 11:44:52.300065780,RT_IN_02
TXN00000245,CUS014035,MER00426,49.11,SGD,CARD,CAPTURED,2025-01-01 11:50:36.323160128,RT_SG_02
TXN00000246,CUS011101,MER00323,16837.94,INR,BANK_TRANSFER,CAPTURED,2025-01-01 11:52:05.277926136,RT_IN_01
TXN00000247,CUS004918,MER00122,4270.82,INR,UPI,CAPTURED,2025-01-01 11:57:01.801400151,RT_IN_01
TXN00000248,CUS014532,MER00128,64.42,SGD,CARD,CAPTURED,2025-01-01 11:58:12.024979508,RT_SG_01
TXN00000249,CUS011446,MER00253,3177.96,INR,UPI,CAPTURED,2025-01-01 12:01:41.620331932,RT_IN_03
TXN00000250,CUS011325,MER00491,1279.72,SGD,CARD,CAPTURED,2025-01-01 12:02:57.499211248,RT_SG_01
TXN00000251,CUS003505,MER00463,8448.61,INR,CARD,CAPTURED,2025-01-01 12:03:04.633673478,RT_IN_01
TXN00000252,CUS003459,MER00429,2290.29,INR,UPI,CAPTURED,2025-01-01 12:07:55.214471820,RT_IN_01
TXN00000253,CUS008791,MER00436,2721.25,INR,UPI,CAPTURED,2025-01-01 12:11:01.507695311,RT_IN_02
TXN00000254,CUS014069,MER00588,5216.82,INR,WALLET,CAPTURED,2025-01-01 12:15:01.993555535,RT_IN_01
TXN00000255,CUS005278,MER00556,2374.1,INR,WALLET,CAPTURED,2025-01-01 12:15:24.531634194,RT_IN_02
TXN00000256,CUS000763,MER00373,2384.94,INR,UPI,CAPTURED,2025-01-01 12:15:41.463890950,RT_IN_01
TXN00000257,CUS013460,MER00330,2172.23,AED,WALLET,CAPTURED,2025-01-01 12:19:42.360870342,RT_AE_01
TXN00000258,CUS003854,MER00038,470.4,SGD,BANK_TRANSFER,CAPTURED,2025-01-01 12:21:24.879923735,RT_SG_01
TXN00000259,CUS001199,MER00076,38844.18,INR,CARD,CAPTURED,2025-01-01 12:26:29.354190336,RT_IN_01
TXN00000260,CUS013571,MER00429,5766.24,INR,UPI,CAPTURED,2025-01-01 12:30:00.799022302,RT_IN_01
TXN00000261,CUS000420,MER00484,13136.35,INR,WALLET,DECLINED,2025-01-01 12:34:36.693706006,RT_IN_01
TXN00000262,CUS014731,MER00314,500.91,AED,CARD,CAPTURED,2025-01-01 12:42:50.784203413,RT_AE_01
TXN00000263,CUS012481,MER00038,415.15,SGD,BANK_TRANSFER,CAPTURED,2025-01-01 12:44:12.195567424,RT_SG_01
TXN00000264,CUS002938,MER00011,333.35,SGD,BANK_TRANSFER,CAPTURED,2025-01-01 12:49:16.497338672,RT_SG_01
TXN00000265,CUS005923,MER00508,22410.79,INR,CARD,CAPTURED,2025-01-01 12:51:21.724412869,RT_IN_01
TXN00000266,CUS012094,MER00134,62889.16,INR,UPI,CAPTURED,2025-01-01 12:56:56.576024853,RT_IN_01
TXN00000267,CUS006963,MER00159,12355.79,INR,UPI,CAPTURED,2025-01-01 12:59:00.720944945,RT_IN_01
TXN00000268,CUS008764,MER00188,112.71,SGD,WALLET,CAPTURED,2025-01-01 13:02:24.562610376,RT_SG_01
TXN00000269,CUS002305,MER00185,534.19,AED,CARD,CAPTURED,2025-01-01 13:04:51.202801712,RT_AE_02
TXN00000270,CUS008212,MER00340,2126.79,INR,BANK_TRANSFER,DECLINED,2025-01-01 13:05:24.937189530,RT_IN_01
TXN00000271,CUS010723,MER00429,7263.47,INR,WALLET,CAPTURED,2025-01-01 13:12:18.746080399,RT_IN_01
TXN00000272,CUS003833,MER00568,23598.78,INR,CARD,CAPTURED,2025-01-01 13:14:07.942008295,RT_IN_02
TXN00000273,CUS014928,MER00599,11.01,SGD,CARD,CAPTURED,2025-01-01 13:15:35.473647880,RT_SG_03
TXN00000274,CUS001431,MER00135,539.29,SGD,CARD,CAPTURED,2025-01-01 13:16:55.145991294,RT_SG_03
TXN00000275,CUS008581,MER00429,1964.43,INR,WALLET,CAPTURED,2025-01-01 13:19:15.383186039,RT_IN_02
TXN00000276,CUS005979,MER00029,21041.29,INR,CARD,CAPTURED,2025-01-01 13:21:03.625891006,RT_IN_01
TXN00000277,CUS009335,MER00323,9212.22,INR,UPI,CAPTURED,2025-01-01 13:24:15.385163102,RT_IN_01
TXN00000278,CUS007205,MER00014,57573.53,INR,WALLET,CAPTURED,2025-01-01 13:25:22.800636601,RT_IN_01
TXN00000279,CUS002403,MER00203,19262.92,INR,WALLET,CAPTURED,2025-01-01 13:25:34.011586704,RT_IN_01
TXN00000280,CUS005737,MER00344,685.12,SGD,WALLET,CAPTURED,2025-01-01 13:26:17.767927108,RT_SG_01
TXN00000281,CUS013068,MER00283,1379.54,INR,UPI,CAPTURED,2025-01-01 13:27:16.525413916,RT_IN_01
TXN00000282,CUS003721,MER00517,29878.23,INR,CARD,CAPTURED,2025-01-01 13:27:28.443221053,RT_IN_02
TXN00000283,CUS000132,MER00323,7755.28,INR,CARD,CAPTURED,2025-01-01 13:27:38.858980408,RT_IN_01
TXN00000284,CUS012635,MER00080,160.52,SGD,CARD,CAPTURED,2025-01-01 13:38:40.288991040,RT_SG_03
TXN00000285,CUS013391,MER00388,137.57,SGD,BANK_TRANSFER,CAPTURED,2025-01-01 13:41:35.959796938,RT_SG_01
TXN00000286,CUS007739,MER00185,316.78,AED,CARD,CAPTURED,2025-01-01 13:42:53.182330443,RT_AE_01
TXN00000287,CUS010058,MER00154,6717.01,INR,UPI,CAPTURED,2025-01-01 13:46:16.787543799,RT_IN_01
TXN00000288,CUS007473,MER00185,357.54,AED,BANK_TRANSFER,CAPTURED,2025-01-01 13:48:50.671974781,RT_AE_02
TXN00000289,CUS008736,MER00323,3567.17,INR,BANK_TRANSFER,CAPTURED,2025-01-01 13:53:04.554748980,RT_IN_02
TXN00000290,CUS002151,MER00355,36.15,SGD,CARD,CAPTURED,2025-01-01 13:54:16.482012082,RT_SG_03
TXN00000291,CUS011854,MER00323,8754.18,INR,UPI,DECLINED,2025-01-01 13:56:24.063661845,RT_IN_02
TXN00000292,CUS001141,MER00159,2119.29,INR,WALLET,CAPTURED,2025-01-01 13:58:56.533722845,RT_IN_01
TXN00000293,CUS014760,MER00122,42051.06,INR,CARD,CAPTURED,2025-01-01 14:00:20.098558417,RT_IN_02
TXN00000294,CUS014230,MER00216,7829.42,AED,CARD,CAPTURED,2025-01-01 14:02:18.902296302,RT_AE_01
TXN00000295,CUS004273,MER00185,225.56,AED,CARD,CAPTURED,2025-01-01 14:05:54.408494518,RT_AE_02
TXN00000296,CUS009025,MER00406,7540.3,INR,UPI,CAPTURED,2025-01-01 14:06:06.413803852,RT_IN_03
TXN00000297,CUS008834,MER00497,111.11,SGD,UPI,CAPTURED,2025-01-01 14:08:57.759335037,RT_SG_01
TXN00000298,CUS011782,MER00307,1039.61,AED,WALLET,CAPTURED,2025-01-01 14:09:36.047353798,RT_AE_01
TXN00000299,CUS000660,MER00456,103529.71,INR,BANK_TRANSFER,FAILED,2025-01-01 14:13:58.008038689,RT_IN_02
TXN00000300,CUS008051,MER00322,104.69,SGD,UPI,CAPTURED,2025-01-01 14:24:26.810320095,RT_SG_01
TXN00000301,CUS012436,MER00014,20832.26,INR,WALLET,CAPTURED,2025-01-01 14:26:28.026901695,RT_IN_01
TXN00000302,CUS009960,MER00438,980.83,INR,UPI,CAPTURED,2025-01-01 14:27:16.406872211,RT_IN_01
TXN00000303,CUS000006,MER00107,81793.08,INR,UPI,CAPTURED,2025-01-01 14:31:07.775366542,RT_IN_02
TXN00000304,CUS005820,MER00407,6720.19,INR,UPI,CAPTURED,2025-01-01 14:31:45.386364336,RT_IN_01
TXN00000305,CUS008282,MER00269,858.77,SGD,CARD,CAPTURED,2025-01-01 14:33:53.576226962,RT_SG_01
TXN00000306,CUS013341,MER00326,42.76,SGD,CARD,CAPTURED,2025-01-01 14:34:15.471378734,RT_SG_03
TXN00000307,CUS011649,MER00491,943.56,SGD,BANK_TRANSFER,DECLINED,2025-01-01 14:34:40.790697841,RT_SG_01
TXN00000308,CUS004666,MER00269,661.54,SGD,CARD,CAPTURED,2025-01-01 14:39:04.831129200,RT_SG_03
TXN00000309,CUS004332,MER00076,5382.81,INR,WALLET,FAILED,2025-01-01 14:43:01.101745087,RT_IN_01
TXN00000310,CUS007192,MER00014,26701.28,INR,UPI,CAPTURED,2025-01-01 14:45:03.329878423,RT_IN_01
TXN00000311,CUS003969,MER00031,98.07,SGD,CARD,CAPTURED,2025-01-01 14:46:50.562936034,RT_SG_01
TXN00000312,CUS003612,MER00279,3182.19,AED,CARD,CAPTURED,2025-01-01 14:56:09.292292854,RT_AE_01
TXN00000313,CUS008123,MER00484,12562.34,INR,WALLET,CAPTURED,2025-01-01 15:04:29.567706494,RT_IN_01
TXN00000314,CUS008364,MER00217,64625.82,INR,UPI,CAPTURED,2025-01-01 15:04:49.825265621,RT_IN_01
TXN00000315,CUS001516,MER00095,6024.17,INR,UPI,CAPTURED,2025-01-01 15:08:12.203072967,RT_IN_02
TXN00000316,CUS000096,MER00330,242.7,AED,CARD,CAPTURED,2025-01-01 15:08:33.728687144,RT_AE_02
TXN00000317,CUS013910,MER00101,9124.1,INR,UPI,CAPTURED,2025-01-01 15:09:43.862028446,RT_IN_01
TXN00000318,CUS003000,MER00429,2798.39,INR,UPI,CAPTURED,2025-01-01 15:09:46.747095937,RT_IN_02
TXN00000319,CUS014000,MER00104,60218.99,INR,CARD,CAPTURED,2025-01-01 15:11:38.151740697,RT_IN_02
TXN00000320,CUS010440,MER00463,2461.96,INR,CARD,CAPTURED,2025-01-01 15:14:19.194714214,RT_IN_02
TXN00000321,CUS010993,MER00185,376.2,AED,CARD,CAPTURED,2025-01-01 15:16:50.280952151,RT_AE_01
TXN00000322,CUS010230,MER00114,10.74,SGD,CARD,CAPTURED,2025-01-01 15:19:36.143545071,RT_SG_03
TXN00000323,CUS005281,MER00081,174.79,SGD,BANK_TRANSFER,CAPTURED,2025-01-01 15:25:09.208951599,RT_SG_01
TXN00000324,CUS014616,MER00429,2057.45,INR,UPI,CAPTURED,2025-01-01 15:26:09.950699117,RT_IN_02
TXN00000325,CUS009205,MER00067,10.5,SGD,WALLET,CAPTURED,2025-01-01 15:26:54.865615645,RT_SG_03
TXN00000326,CUS006057,MER00185,216.47,AED,WALLET,CAPTURED,2025-01-01 15:27:24.666591735,RT_AE_03
TXN00000327,CUS013579,MER00202,903.73,INR,CARD,CAPTURED,2025-01-01 15:27:37.452902462,RT_IN_02
TXN00000328,CUS013991,MER00014,166499.9,INR,BANK_TRANSFER,CAPTURED,2025-01-01 15:27:59.367945831,RT_IN_01
TXN00000329,CUS004774,MER00428,6234.08,INR,WALLET,CAPTURED,2025-01-01 15:29:57.762736686,RT_IN_01
TXN00000330,CUS006716,MER00442,3581.12,INR,BANK_TRANSFER,CAPTURED,2025-01-01 15:30:27.017711891,RT_IN_01
TXN00000331,CUS014639,MER00573,67140.17,INR,UPI,CAPTURED,2025-01-01 15:32:24.611371449,RT_IN_01
TXN00000332,CUS014555,MER00323,814.46,INR,CARD,CAPTURED,2025-01-01 15:33:30.470704080,RT_IN_02
TXN00000333,CUS004645,MER00394,52.32,SGD,WALLET,CAPTURED,2025-01-01 15:33:56.242397187,RT_SG_01
TXN00000334,CUS007517,MER00185,292.53,AED,CARD,CAPTURED,2025-01-01 15:37:13.650966279,RT_AE_01
TXN00000335,CUS000512,MER00301,38662.56,INR,UPI,CAPTURED,2025-01-01 15:39:00.942749951,RT_IN_02
TXN00000336,CUS006194,MER00395,2642.92,INR,CARD,CAPTURED,2025-01-01 15:39:09.187799068,RT_IN_01
TXN00000337,CUS002252,MER00344,518.99,SGD,CARD,CAPTURED,2025-01-01 15:41:48.335496334,RT_SG_01
TXN00000338,CUS000184,MER00464,111.66,SGD,CARD,CAPTURED,2025-01-01 15:44:35.467492949,RT_SG_02
TXN00000339,CUS001111,MER00588,39163.15,INR,CARD,CAPTURED,2025-01-01 15:49:42.073285841,RT_IN_02
TXN00000340,CUS004158,MER00323,14971.37,INR,WALLET,CAPTURED,2025-01-01 16:02:27.893930437,RT_IN_01
TXN00000341,CUS009480,MER00578,37211.03,INR,CARD,CAPTURED,2025-01-01 16:02:54.578749112,RT_IN_02
TXN00000342,CUS013043,MER00083,51328.69,INR,BANK_TRANSFER,CAPTURED,2025-01-01 16:03:33.730693065,RT_IN_01
TXN00000343,CUS008747,MER00159,25621.91,INR,CARD,CAPTURED,2025-01-01 16:09:20.156811831,RT_IN_02
TXN00000344,CUS000473,,13407.63,INR,UPI,CAPTURED,2025-01-01 16:10:06.024161101,RT_IN_02
TXN00000345,CUS008019,MER00216,9988.71,AED,BANK_TRANSFER,CAPTURED,2025-01-01 16:18:03.103171267,RT_AE_03
TXN00000346,CUS006865,MER00589,51.7,AED,CARD,CAPTURED,2025-01-01 16:21:23.012827290,RT_AE_03
TXN00000347,CUS011796,MER00255,184.51,AED,UPI,DECLINED,2025-01-01 16:22:51.365671210,RT_AE_02
TXN00000348,CUS003157,MER00357,997.27,AED,CARD,CAPTURED,2025-01-01 16:23:13.754569679,RT_AE_01
TXN00000349,CUS003744,MER00323,10349.55,INR,WALLET,CAPTURED,2025-01-01 16:23:56.544936779,RT_IN_01
TXN00000350,CUS002890,MER00185,575.16,AED,CARD,CAPTURED,2025-01-01 16:24:30.653098219,RT_AE_01
TXN00000351,CUS011882,MER00463,3742.73,INR,UPI,CAPTURED,2025-01-01 16:25:17.349427792,RT_IN_01
TXN00000352,CUS013865,MER00451,1732.3,INR,CARD,CAPTURED,2025-01-01 16:26:33.468285825,RT_IN_01
TXN00000353,CUS005269,MER00244,35.05,AED,BANK_TRANSFER,CAPTURED,2025-01-01 16:33:00.043017395,RT_AE_01
TXN00000354,CUS004570,MER00226,4137.59,INR,BANK_TRANSFER,CAPTURED,2025-01-01 16:34:07.477441798,RT_IN_03
TXN00000355,CUS010833,MER00429,2591.13,INR,WALLET,CAPTURED,2025-01-01 16:36:17.187258675,RT_IN_02
TXN00000356,CUS003526,MER00533,1083.93,INR,CARD,CAPTURED,2025-01-01 16:38:16.146607109,RT_IN_03
TXN00000357,CUS004213,MER00339,17477.59,INR,UPI,CAPTURED,2025-01-01 16:40:45.502151947,RT_IN_02
TXN00000358,CUS001750,MER00402,39013.58,INR,CARD,CAPTURED,2025-01-01 16:43:32.413144449,RT_IN_01
TXN00000359,CUS001577,MER00117,42.53,SGD,CARD,CAPTURED,2025-01-01 16:49:52.377148823,RT_SG_01
TXN00000360,CUS006534,MER00188,35.87,SGD,CARD,CAPTURED,2025-01-01 16:52:28.251975147,RT_SG_01
TXN00000361,CUS010999,MER00319,4923.82,INR,UPI,CAPTURED,2025-01-01 16:56:17.119080886,RT_IN_02
TXN00000362,CUS013157,MER00360,58.72,SGD,WALLET,CAPTURED,2025-01-01 17:00:01.575576395,RT_SG_01
TXN00000363,CUS007470,MER00523,376.98,AED,CARD,CAPTURED,2025-01-01 17:00:53.781734015,RT_AE_01
TXN00000364,CUS007909,MER00185,340.11,AED,CARD,CAPTURED,2025-01-01 17:01:45.335730253,RT_AE_02
TXN00000365,CUS003576,MER00541,1556.59,INR,CARD,CAPTURED,2025-01-01 17:04:24.400808757,RT_IN_01
TXN00000366,CUS012009,MER00027,12017.26,INR,WALLET,DECLINED,2025-01-01 17:07:15.941651060,RT_IN_01
TXN00000367,CUS009500,MER00084,44874.04,INR,UPI,CAPTURED,2025-01-01 17:07:44.941208805,RT_IN_01
TXN00000368,CUS003218,MER00407,7332.57,INR,UPI,CAPTURED,2025-01-01 17:12:13.715821638,RT_IN_01
TXN00000369,CUS000795,MER00323,7645.26,INR,UPI,CAPTURED,2025-01-01 17:15:07.012770906,RT_IN_01
TXN00000370,CUS002288,MER00133,7570.16,INR,CARD,CAPTURED,2025-01-01 17:18:08.165033036,RT_IN_01
TXN00000371,CUS003256,MER00290,719.41,SGD,CARD,CAPTURED,2025-01-01 17:21:09.090864797,RT_SG_01
TXN00000372,CUS012669,MER00578,15486.14,INR,UPI,CAPTURED,2025-01-01 17:22:10.337238089,RT_IN_01
TXN00000373,CUS009892,MER00150,3608.38,INR,WALLET,CAPTURED,2025-01-01 17:22:42.459237572,RT_IN_01
TXN00000374,CUS006507,MER00185,311.19,AED,CARD,CAPTURED,2025-01-01 17:24:49.822757380,RT_AE_01
TXN00000375,CUS004790,MER00154,1287.93,INR,WALLET,CAPTURED,2025-01-01 17:26:13.995219683,RT_IN_01
TXN00000376,CUS001602,MER00023,494.17,AED,BANK_TRANSFER,CAPTURED,2025-01-01 17:27:50.277290709,RT_AE_01
TXN00000377,CUS008179,MER00036,767.73,AED,CARD,CAPTURED,2025-01-01 17:30:47.800310133,RT_AE_01
TXN00000378,CUS013433,MER00557,2786.76,INR,WALLET,CAPTURED,2025-01-01 17:35:46.290058353,RT_IN_01
TXN00000379,CUS002505,MER00007,19.3,SGD,CARD,CAPTURED,2025-01-01 17:37:27.105610786,RT_SG_01
TXN00000380,CUS005752,MER00491,299.64,SGD,CARD,CAPTURED,2025-01-01 17:43:51.462635686,RT_SG_01
TXN00000381,CUS009071,MER00377,21302.15,INR,CARD,CAPTURED,2025-01-01 17:44:42.484502547,RT_IN_01
TXN00000382,CUS003094,MER00323,24625.65,INR,CARD,CAPTURED,2025-01-01 17:46:05.273318271,RT_IN_02
TXN00000383,CUS012789,MER00076,12151.61,INR,UPI,CAPTURED,2025-01-01 17:48:13.663137997,RT_IN_01
TXN00000384,CUS014493,MER00313,316.07,AED,CARD,CAPTURED,2025-01-01 17:58:38.326870957,RT_AE_01
TXN00000385,CUS001958,MER00008,69521.36,INR,CARD,CAPTURED,2025-01-01 18:01:24.110451447,RT_IN_02
TXN00000386,CUS010851,MER00323,5165.87,INR,CARD,CAPTURED,2025-01-01 18:01:46.207011781,RT_IN_02
TXN00000387,CUS008525,MER00278,9040.72,INR,UPI,CAPTURED,2025-01-01 18:02:19.818655002,RT_IN_02
TXN00000388,CUS013744,MER00037,407.98,AED,CARD,CAPTURED,2025-01-01 18:06:17.025706639,RT_AE_02
TXN00000389,CUS008019,MER00095,1163.72,INR,UPI,CAPTURED,2025-01-01 18:08:22.871021800,RT_IN_01
TXN00000390,CUS002546,MER00133,15264.44,INR,UPI,CAPTURED,2025-01-01 18:10:29.433037410,RT_IN_02
TXN00000391,CUS013653,MER00226,4209.91,INR,WALLET,CAPTURED,2025-01-01 18:11:24.404972992,RT_IN_01
TXN00000392,CUS004953,MER00256,438.02,AED,CARD,CAPTURED,2025-01-01 18:11:31.253802395,RT_AE_03
TXN00000393,CUS008138,MER00128,49.52,SGD,CARD,CAPTURED,2025-01-01 18:13:22.715803928,RT_SG_02
TXN00000394,CUS005019,MER00323,20354.75,INR,CARD,DECLINED,2025-01-01 18:14:58.410264256,RT_IN_01
TXN00000395,CUS010377,MER00095,4838.87,INR,UPI,CAPTURED,2025-01-01 18:16:15.182788387,RT_IN_03
TXN00000396,CUS005120,MER00026,1375.43,AED,WALLET,CAPTURED,2025-01-01 18:16:17.256337215,RT_AE_02
TXN00000397,CUS005031,MER00323,2984.21,INR,CARD,CAPTURED,2025-01-01 18:18:29.756368952,RT_IN_01
TXN00000398,CUS011383,MER00323,3929.49,INR,WALLET,DECLINED,2025-01-01 18:19:20.677067579,RT_IN_02
TXN00000399,CUS013800,MER00237,140.31,AED,WALLET,CAPTURED,2025-01-01 18:24:30.391967448,RT_AE_01
TXN00000400,CUS005684,MER00373,32295.6,INR,WALLET,CAPTURED,2025-01-01 18:24:46.483791923,RT_IN_01
TXN00000401,CUS005990,MER00424,3984.72,AED,UPI,CAPTURED,2025-01-01 18:25:35.698174455,RT_AE_01
TXN00000402,CUS009066,MER00084,61235.21,INR,CARD,CAPTURED,2025-01-01 18:34:27.974593618,RT_IN_03
TXN00000403,CUS012416,MER00429,2332.77,INR,WALLET,CAPTURED,2025-01-01 18:34:35.804164909,RT_IN_01
TXN00000404,CUS001989,MER00429,2263.94,INR,WALLET,CAPTURED,2025-01-01 18:36:06.082036236,RT_IN_01
TXN00000405,CUS013936,MER00525,2122.53,AED,CARD,CAPTURED,2025-01-01 18:37:17.926770664,RT_AE_03
TXN00000406,CUS009138,MER00222,278.08,SGD,CARD,CAPTURED,2025-01-01 18:43:34.060152424,RT_SG_01
TXN00000407,CUS014273,MER00319,9632.43,INR,UPI,CAPTURED,2025-01-01 18:43:51.974622862,RT_IN_02
TXN00000408,CUS004196,MER00084,103399.19,INR,UPI,CAPTURED,2025-01-01 18:44:28.142895635,RT_IN_01
TXN00000409,CUS013181,MER00209,6.28,SGD,WALLET,CAPTURED,2025-01-01 18:44:35.574679090,RT_SG_03
TXN00000410,CUS011654,MER00138,122.52,SGD,CARD,CAPTURED,2025-01-01 18:45:14.636329900,RT_SG_01
TXN00000411,CUS010930,MER00203,127531.36,INR,CARD,CAPTURED,2025-01-01 18:46:23.195846724,RT_IN_02
TXN00000412,CUS010716,MER00226,9477.08,INR,WALLET,CAPTURED,2025-01-01 18:47:04.579329399,RT_IN_02
TXN00000413,CUS014951,MER00323,8110.75,INR,BANK_TRANSFER,CAPTURED,2025-01-01 18:48:41.088954847,RT_IN_01
TXN00000414,CUS008001,MER00269,154.23,SGD,UPI,CAPTURED,2025-01-01 18:52:16.995045610,RT_SG_02
TXN00000415,CUS004803,MER00009,10.41,SGD,WALLET,CAPTURED,2025-01-01 18:52:53.748534318,RT_SG_03
TXN00000416,CUS006386,MER00323,20160.18,INR,CARD,CAPTURED,2025-01-01 18:54:20.321052359,RT_IN_01
TXN00000417,CUS008379,MER00056,2997.22,INR,UPI,CAPTURED,2025-01-01 18:56:23.317298075,RT_IN_01
TXN00000418,CUS010116,MER00190,3499.78,INR,WALLET,CAPTURED,2025-01-01 18:57:51.589903362,RT_IN_01
TXN00000419,CUS001123,MER00458,34.83,SGD,WALLET,CAPTURED,2025-01-01 19:02:07.086857109,RT_SG_03
TXN00000420,CUS010145,MER00468,1628.86,AED,BANK_TRANSFER,CAPTURED,2025-01-01 19:09:17.931487441,RT_AE_02
TXN00000421,CUS000846,MER00014,15725.36,INR,CARD,CAPTURED,2025-01-01 19:10:37.150087206,RT_IN_02
TXN00000422,CUS003475,MER00200,4314.91,INR,CARD,CAPTURED,2025-01-01 19:21:21.708746914,RT_IN_03
TXN00000423,CUS007415,MER00426,44.53,SGD,CARD,CAPTURED,2025-01-01 19:22:33.766840186,RT_SG_01
TXN00000424,CUS004618,MER00206,4340.43,INR,UPI,CAPTURED,2025-01-01 19:23:23.642613740,RT_IN_02
TXN00000425,CUS003370,MER00278,718.13,INR,BANK_TRANSFER,FAILED,2025-01-01 19:24:05.396122323,RT_IN_01
TXN00000426,CUS009990,MER00387,1697.14,INR,WALLET,CAPTURED,2025-01-01 19:33:55.285378868,RT_IN_01
TXN00000427,CUS000213,MER00429,3051.34,INR,CARD,CAPTURED,2025-01-01 19:34:11.383235629,RT_IN_01
TXN00000428,CUS010352,MER00203,65531.34,INR,CARD,FAILED,2025-01-01 19:35:45.083574012,RT_IN_01
TXN00000429,CUS013701,MER00185,751.2,AED,WALLET,CAPTURED,2025-01-01 19:38:14.461428882,RT_AE_02
TXN00000430,CUS013809,MER00596,40392.85,INR,UPI,CAPTURED,2025-01-01 19:42:01.346080890,RT_IN_01
TXN00000431,CUS008466,MER00499,1376.64,INR,CARD,CAPTURED,2025-01-01 19:51:56.185821516,RT_IN_01
TXN00000432,CUS001251,MER00323,12308.79,INR,UPI,CAPTURED,2025-01-01 19:55:19.559761377,RT_IN_02
TXN00000433,CUS007144,MER00185,202.98,AED,CARD,CAPTURED,2025-01-01 19:59:34.003904303,RT_AE_01
TXN00000434,CUS008362,MER00104,51181.41,INR,UPI,CAPTURED,2025-01-01 20:00:46.572310824,RT_IN_02
TXN00000435,CUS001377,MER00362,92.7,SGD,WALLET,CAPTURED,2025-01-01 20:01:29.602004540,RT_SG_03
TXN00000436,CUS002491,MER00546,112.22,AED,BANK_TRANSFER,CAPTURED,2025-01-01 20:04:16.666039550,RT_AE_02
TXN00000437,CUS012089,,2990.36,INR,WALLET,DECLINED,2025-01-01 20:05:44.395900373,RT_IN_02
TXN00000438,CUS001562,MER00323,3743.13,INR,UPI,CAPTURED,2025-01-01 20:17:13.193325355,RT_IN_01
TXN00000439,CUS007338,MER00007,10.07,SGD,WALLET,CAPTURED,2025-01-01 20:18:12.915264478,RT_SG_03
TXN00000440,CUS007860,MER00504,11000.62,INR,CARD,CAPTURED,2025-01-01 20:19:19.174311441,RT_IN_03
TXN00000441,CUS000501,MER00493,6250.99,INR,UPI,CAPTURED,2025-01-01 20:24:33.921404402,RT_IN_03
TXN00000442,CUS007347,MER00232,16288.72,INR,UPI,CAPTURED,2025-01-01 20:28:05.934465604,RT_IN_02
TXN00000443,CUS007128,MER00226,3722.72,INR,CARD,CAPTURED,2025-01-01 20:31:07.989102484,RT_IN_01
TXN00000444,CUS004381,MER00016,1374.9,AED,WALLET,CAPTURED,2025-01-01 20:31:40.441467045,RT_AE_01
TXN00000445,CUS008342,MER00237,28.22,AED,CARD,CAPTURED,2025-01-01 20:36:56.830728619,RT_AE_03
TXN00000446,CUS002928,MER00323,5858.8,INR,UPI,CAPTURED,2025-01-01 20:39:42.404200211,RT_IN_01
TXN00000447,CUS007557,MER00154,1867.19,INR,UPI,CAPTURED,2025-01-01 20:39:47.474655604,RT_IN_02
TXN00000448,CUS007148,MER00100,215.15,SGD,CARD,CAPTURED,2025-01-01 20:43:36.863229968,RT_SG_02
TXN00000449,CUS012943,MER00390,22640.49,INR,UPI,CAPTURED,2025-01-01 20:44:59.311297557,RT_IN_01
TXN00000450,CUS001674,MER00284,53.25,AED,CARD,CAPTURED,2025-01-01 20:58:23.046819573,RT_AE_03
TXN00000451,CUS013907,MER00122,19824.55,INR,WALLET,CAPTURED,2025-01-01 21:07:37.854860506,RT_IN_01
TXN00000452,CUS006351,MER00237,14.64,AED,BANK_TRANSFER,CAPTURED,2025-01-01 21:07:43.132985211,RT_AE_03
TXN00000453,CUS014468,MER00456,95808.35,INR,CARD,CAPTURED,2025-01-01 21:19:38.743257458,RT_IN_01
TXN00000454,CUS012374,MER00436,18307.16,INR,CARD,CAPTURED,2025-01-01 21:23:30.323916994,RT_IN_01
TXN00000455,CUS010209,MER00412,964.77,INR,CARD,CAPTURED,2025-01-01 21:25:04.896817013,RT_IN_01
TXN00000456,CUS011681,MER00279,3163.18,AED,CARD,CAPTURED,2025-01-01 21:25:07.507462081,RT_AE_03
TXN00000457,CUS012187,MER00427,72.62,SGD,CARD,CAPTURED,2025-01-01 21:31:08.367832039,RT_SG_01
TXN00000458,CUS012797,MER00313,320.77,AED,CARD,CAPTURED,2025-01-01 21:32:50.958363407,RT_AE_01
TXN00000459,CUS006051,MER00534,26.46,SGD,BANK_TRANSFER,CAPTURED,2025-01-01 21:33:35.999705336,RT_SG_03
TXN00000460,CUS011321,MER00344,175.33,SGD,CARD,CAPTURED,2025-01-01 21:41:34.084628681,RT_SG_02
TXN00000461,CUS009855,MER00242,4500.06,INR,WALLET,CAPTURED,2025-01-01 21:41:44.447554170,RT_IN_02
TXN00000462,CUS007798,MER00321,1707.84,INR,WALLET,CAPTURED,2025-01-01 21:43:40.196817285,RT_IN_01
TXN00000463,CUS002934,MER00592,220.33,AED,CARD,CAPTURED,2025-01-01 21:46:17.471137262,RT_AE_01
TXN00000464,CUS001649,MER00111,138.49,AED,WALLET,CAPTURED,2025-01-01 21:46:18.034657578,RT_AE_01
TXN00000465,CUS007769,MER00497,168.77,SGD,CARD,CAPTURED,2025-01-01 21:47:24.367614022,RT_SG_01
TXN00000466,CUS014396,MER00289,3219.56,INR,UPI,CAPTURED,2025-01-01 21:47:42.352258708,RT_IN_03
TXN00000467,CUS004657,MER00464,405.44,SGD,WALLET,CAPTURED,2025-01-01 21:49:01.776384849,RT_SG_02
TXN00000468,CUS001980,MER00325,11776.02,INR,CARD,CAPTURED,2025-01-01 21:49:29.106247476,RT_IN_01
TXN00000469,CUS014846,MER00290,1052.84,SGD,CARD,CAPTURED,2025-01-01 21:49:29.661310480,RT_SG_01
TXN00000470,CUS001028,MER00381,32788.22,INR,UPI,CAPTURED,2025-01-01 21:49:45.064794853,RT_IN_02
TXN00000471,CUS014270,MER00323,3465.46,INR,UPI,CAPTURED,2025-01-01 21:52:03.252064803,RT_IN_01
TXN00000472,CUS003291,MER00003,65.06,AED,CARD,CAPTURED,2025-01-01 21:52:45.606441554,RT_AE_03
TXN00000473,CUS010901,MER00547,7813.56,INR,UPI,CAPTURED,2025-01-01 21:53:53.254751560,RT_IN_01
TXN00000474,CUS012765,MER00373,3079.22,INR,UPI,CAPTURED,2025-01-01 21:55:17.212321690,RT_IN_01
TXN00000475,CUS005168,MER00283,4692.38,INR,CARD,FAILED,2025-01-01 21:55:51.156550062,RT_IN_02
TXN00000476,CUS002959,MER00226,6807.42,INR,UPI,CAPTURED,2025-01-01 21:55:51.362048194,RT_IN_02
TXN00000477,CUS005339,MER00429,1427.82,INR,UPI,CAPTURED,2025-01-01 21:58:17.160799852,RT_IN_02
TXN00000478,CUS000874,MER00367,387.08,AED,CARD,CAPTURED,2025-01-01 22:01:02.349335587,RT_AE_03
TXN00000479,CUS014306,MER00388,265.77,SGD,CARD,CAPTURED,2025-01-01 22:02:30.347970424,RT_SG_01
TXN00000480,CUS008442,MER00523,610.1,AED,CARD,CAPTURED,2025-01-01 22:02:33.265084280,RT_AE_02
TXN00000481,CUS007955,MER00087,1019.58,SGD,CARD,CAPTURED,2025-01-01 22:04:50.089716286,RT_SG_01
TXN00000482,CUS012025,MER00288,6704.23,INR,CARD,CAPTURED,2025-01-01 22:06:09.911724227,RT_IN_01
TXN00000483,CUS003754,MER00096,197.99,AED,BANK_TRANSFER,CAPTURED,2025-01-01 22:06:39.591914324,RT_AE_02
TXN00000484,CUS014822,MER00352,7.87,SGD,CARD,CAPTURED,2025-01-01 22:06:49.385319244,RT_SG_03
TXN00000485,CUS008491,MER00122,3070.82,INR,UPI,CAPTURED,2025-01-01 22:07:17.426790175,RT_IN_02
TXN00000486,CUS009829,MER00339,11744.39,INR,CARD,CAPTURED,2025-01-01 22:10:30.067254261,RT_IN_02
TXN00000487,CUS006355,MER00323,9463.18,INR,UPI,CAPTURED,2025-01-01 22:11:01.984385586,RT_IN_02
TXN00000488,CUS007861,MER00344,5234.45,SGD,CARD,CAPTURED,2025-01-01 22:11:36.235850479,RT_SG_03
TXN00000489,CUS012883,MER00543,45.07,SGD,CARD,CAPTURED,2025-01-01 22:12:01.728888531,RT_SG_01
TXN00000490,CUS009459,MER00323,4050.28,INR,CARD,CAPTURED,2025-01-01 22:12:54.662944350,RT_IN_01
TXN00000491,CUS006804,MER00185,210.27,AED,CARD,CAPTURED,2025-01-01 22:17:30.737123699,RT_AE_01
TXN00000492,CUS007988,MER00323,11780.15,INR,WALLET,CAPTURED,2025-01-01 22:19:10.058296332,RT_IN_02
TXN00000493,CUS009562,MER00159,17730.29,INR,CARD,CAPTURED,2025-01-01 22:24:59.682294344,RT_IN_01
TXN00000494,CUS002207,MER00257,228.5,AED,CARD,CAPTURED,2025-01-01 22:25:24.213562202,RT_AE_01
TXN00000495,CUS004909,MER00198,966.05,INR,CARD,CAPTURED,2025-01-01 22:25:41.896651327,RT_IN_01
TXN00000496,CUS014137,MER00429,2223.62,INR,UPI,CAPTURED,2025-01-01 22:30:52.001374282,RT_IN_02
TXN00000497,CUS000342,MER00464,567.79,SGD,CARD,CAPTURED,2025-01-01 22:32:32.696074115,RT_SG_01
TXN00000498,CUS007931,MER00301,5347.7,INR,WALLET,CAPTURED,2025-01-01 22:41:00.634316780,RT_IN_01
TXN00000499,CUS002162,MER00122,26959.15,INR,BANK_TRANSFER,CAPTURED,2025-01-01 22:43:02.365570274,RT_IN_02
TXN00000500,CUS000762,MER00204,36.1,AED,UPI,CAPTURED,2025-01-01 22:43:33.685905318,RT_AE_01
